[      56ms] [LOG] disconnected from inside @ https://cdn.quantummetric.com/qscripts/quantum-ysl.js:120
[      93ms] [ERROR] Ignoring duplicate Content-Security-Policy directive 'worker-src'. @ https://www.ysl.com/fr-fr:0
[     138ms] [ERROR] Failed to load resource: the server responded with a status of 404 () @ https://s.go-mpulse.net/boomerang/K9JYF-NA9GU-K758U-APJ5Q-E7LPJ:0
[     171ms] [ERROR] Ignoring duplicate Content-Security-Policy directive 'worker-src'. @ https://www.ysl.com/fr-fr:269
[     172ms] [ERROR] Ignoring duplicate Content-Security-Policy directive 'worker-src'. @ https://www.ysl.com/fr-fr:269
[     240ms] [ERROR] Failed to load resource: the server responded with a status of 404 () @ https://s.go-mpulse.net/boomerang/K9JYF-NA9GU-K758U-APJ5Q-E7LPJ:0
[     302ms] [ERROR] Failed to load resource: the server responded with a status of 404 () @ https://api.cappasity.com/api/player/cappasity-ai:0
[     526ms] [ERROR] Ignoring duplicate Content-Security-Policy directive 'worker-src'. @ https://cdn.cookielaw.org/scripttemplates/202604.1.0/otBannerSdk.js:6
[     527ms] [ERROR] Ignoring duplicate Content-Security-Policy directive 'worker-src'. @ https://cdn.cookielaw.org/scripttemplates/202604.1.0/otBannerSdk.js:6
[     529ms] [ERROR] Ignoring duplicate Content-Security-Policy directive 'worker-src'. @ https://cdn.cookielaw.org/scripttemplates/202604.1.0/otBannerSdk.js:6
[     530ms] [ERROR] Ignoring duplicate Content-Security-Policy directive 'worker-src'. @ https://cdn.cookielaw.org/scripttemplates/202604.1.0/otBannerSdk.js:6
[     658ms] [ERROR] Ignoring duplicate Content-Security-Policy directive 'worker-src'. @ https://cdn.quantummetric.com/qscripts/quantum-ysl.js:72
[     658ms] [ERROR] Ignoring duplicate Content-Security-Policy directive 'worker-src'. @ https://cdn.quantummetric.com/qscripts/quantum-ysl.js:72
[     675ms] [ERROR] Ignoring duplicate Content-Security-Policy directive 'worker-src'. @ https://www.googletagmanager.com/gtag/js?id=G-123456&cx=c&gtm=4e64t1h1:129
[     676ms] [ERROR] Ignoring duplicate Content-Security-Policy directive 'worker-src'. @ https://www.googletagmanager.com/gtag/js?id=G-123456&cx=c&gtm=4e64t1h1:129
[     679ms] [ERROR] Ignoring duplicate Content-Security-Policy directive 'worker-src'. @ https://www.googletagmanager.com/gtag/js?id=G-123456&cx=c&gtm=4e64t1h1:686
[     727ms] [ERROR] Ignoring duplicate Content-Security-Policy directive 'worker-src'. @ https://www.googletagmanager.com/gtag/js?id=DC-4569009&cx=c&gtm=4e64t1h1:132
[     728ms] [ERROR] Ignoring duplicate Content-Security-Policy directive 'worker-src'. @ https://www.googletagmanager.com/gtag/js?id=DC-4569009&cx=c&gtm=4e64t1h1:132
[     758ms] [ERROR] Failed to load resource: the server responded with a status of 404 () @ https://s.go-mpulse.net/boomerang/A95LV-6TTAK-UYDA2-EFFSR-VFSSZ:0
[     762ms] [ERROR] Failed to load resource: the server responded with a status of 404 () @ https://s.go-mpulse.net/boomerang/A95LV-6TTAK-UYDA2-EFFSR-VFSSZ:0
[     777ms] [ERROR] Ignoring duplicate Content-Security-Policy directive 'worker-src'. @ https://sc-static.net/scevent.min.js:1
[     972ms] [ERROR] Ignoring duplicate Content-Security-Policy directive 'worker-src'. @ https://assets.bounceexchange.com/assets/smart-tag/versioned/main-v2_a8cb9255306dcf234ccb7ceb0a60d76f.br.js:1
[    1265ms] [ERROR] Ignoring duplicate Content-Security-Policy directive 'worker-src'. @ https://s.pinimg.com/ct/lib/main.8bbbbe54.js:0
[    1579ms] [ERROR] Access to CSS stylesheet at 'https://eu3-cdn.inside-graph.com/ig.css?dev=1&_996bfc2e3d-139948' from origin 'https://www.ysl.com' has been blocked by CORS policy: No 'Access-Control-Allow-Origin' header is present on the requested resource. @ about:blank:0
[    1579ms] [ERROR] Failed to load resource: net::ERR_FAILED @ https://eu3-cdn.inside-graph.com/ig.css?dev=1&_996bfc2e3d-139948:0
[    1637ms] [LOG] front.js => connectedToInside @ https://cdn.quantummetric.com/qscripts/quantum-ysl.js:120
[    1643ms] [ERROR] Access to CSS stylesheet at 'https://eu3-cdn.inside-graph.com/custom/3-customGeneralInside.css?1775223569447' from origin 'https://www.ysl.com' has been blocked by CORS policy: No 'Access-Control-Allow-Origin' header is present on the requested resource. @ about:blank:0
[    1643ms] [ERROR] Failed to load resource: net::ERR_FAILED @ https://eu3-cdn.inside-graph.com/custom/3-customGeneralInside.css?1775223569447:0
[    3763ms] [WARNING] The resource https://s.go-mpulse.net/boomerang/A95LV-6TTAK-UYDA2-EFFSR-VFSSZ was preloaded using link preload but not used within a few seconds from the window's load event. Please make sure it has an appropriate `as` value and it is preloaded intentionally. @ https://sskering.ysl.com/_/service_worker/63b0/sw_iframe.html?origin=https%3A%2F%2Fwww.ysl.com&1p=1:0
[   15096ms] [WARNING] The resource https://s.go-mpulse.net/boomerang/K9JYF-NA9GU-K758U-APJ5Q-E7LPJ was preloaded using link preload but not used within a few seconds from the window's load event. Please make sure it has an appropriate `as` value and it is preloaded intentionally. @ https://www.ysl.com/fr-fr:0
[   18601ms] [WARNING] The resource https://s.go-mpulse.net/boomerang/K9JYF-NA9GU-K758U-APJ5Q-E7LPJ was preloaded using link preload but not used within a few seconds from the window's load event. Please make sure it has an appropriate `as` value and it is preloaded intentionally. @ https://www.ysl.com/fr-fr:0
[   22114ms] [WARNING] The resource https://s.go-mpulse.net/boomerang/K9JYF-NA9GU-K758U-APJ5Q-E7LPJ was preloaded using link preload but not used within a few seconds from the window's load event. Please make sure it has an appropriate `as` value and it is preloaded intentionally. @ https://www.ysl.com/fr-fr:0
[   25639ms] [WARNING] The resource https://s.go-mpulse.net/boomerang/K9JYF-NA9GU-K758U-APJ5Q-E7LPJ was preloaded using link preload but not used within a few seconds from the window's load event. Please make sure it has an appropriate `as` value and it is preloaded intentionally. @ https://www.ysl.com/fr-fr:0
[   29160ms] [WARNING] The resource https://s.go-mpulse.net/boomerang/K9JYF-NA9GU-K758U-APJ5Q-E7LPJ was preloaded using link preload but not used within a few seconds from the window's load event. Please make sure it has an appropriate `as` value and it is preloaded intentionally. @ https://www.ysl.com/fr-fr:0
[   36150ms] [WARNING] The resource https://s.go-mpulse.net/boomerang/K9JYF-NA9GU-K758U-APJ5Q-E7LPJ was preloaded using link preload but not used within a few seconds from the window's load event. Please make sure it has an appropriate `as` value and it is preloaded intentionally. @ https://www.ysl.com/fr-fr:0
[   39639ms] [WARNING] The resource https://s.go-mpulse.net/boomerang/K9JYF-NA9GU-K758U-APJ5Q-E7LPJ was preloaded using link preload but not used within a few seconds from the window's load event. Please make sure it has an appropriate `as` value and it is preloaded intentionally. @ https://www.ysl.com/fr-fr:0
[   43153ms] [WARNING] The resource https://s.go-mpulse.net/boomerang/K9JYF-NA9GU-K758U-APJ5Q-E7LPJ was preloaded using link preload but not used within a few seconds from the window's load event. Please make sure it has an appropriate `as` value and it is preloaded intentionally. @ https://www.ysl.com/fr-fr:0
[   46660ms] [WARNING] The resource https://s.go-mpulse.net/boomerang/K9JYF-NA9GU-K758U-APJ5Q-E7LPJ was preloaded using link preload but not used within a few seconds from the window's load event. Please make sure it has an appropriate `as` value and it is preloaded intentionally. @ https://www.ysl.com/fr-fr:0
[   50180ms] [WARNING] The resource https://s.go-mpulse.net/boomerang/K9JYF-NA9GU-K758U-APJ5Q-E7LPJ was preloaded using link preload but not used within a few seconds from the window's load event. Please make sure it has an appropriate `as` value and it is preloaded intentionally. @ https://www.ysl.com/fr-fr:0
[   53663ms] [WARNING] The resource https://s.go-mpulse.net/boomerang/K9JYF-NA9GU-K758U-APJ5Q-E7LPJ was preloaded using link preload but not used within a few seconds from the window's load event. Please make sure it has an appropriate `as` value and it is preloaded intentionally. @ https://www.ysl.com/fr-fr:0
[   57167ms] [WARNING] The resource https://s.go-mpulse.net/boomerang/K9JYF-NA9GU-K758U-APJ5Q-E7LPJ was preloaded using link preload but not used within a few seconds from the window's load event. Please make sure it has an appropriate `as` value and it is preloaded intentionally. @ https://www.ysl.com/fr-fr:0
[   60698ms] [WARNING] The resource https://s.go-mpulse.net/boomerang/K9JYF-NA9GU-K758U-APJ5Q-E7LPJ was preloaded using link preload but not used within a few seconds from the window's load event. Please make sure it has an appropriate `as` value and it is preloaded intentionally. @ https://www.ysl.com/fr-fr:0
[   67692ms] [WARNING] The resource https://s.go-mpulse.net/boomerang/K9JYF-NA9GU-K758U-APJ5Q-E7LPJ was preloaded using link preload but not used within a few seconds from the window's load event. Please make sure it has an appropriate `as` value and it is preloaded intentionally. @ https://www.ysl.com/fr-fr:0
[   71211ms] [WARNING] The resource https://s.go-mpulse.net/boomerang/K9JYF-NA9GU-K758U-APJ5Q-E7LPJ was preloaded using link preload but not used within a few seconds from the window's load event. Please make sure it has an appropriate `as` value and it is preloaded intentionally. @ https://www.ysl.com/fr-fr:0
[   74734ms] [WARNING] The resource https://s.go-mpulse.net/boomerang/K9JYF-NA9GU-K758U-APJ5Q-E7LPJ was preloaded using link preload but not used within a few seconds from the window's load event. Please make sure it has an appropriate `as` value and it is preloaded intentionally. @ https://www.ysl.com/fr-fr:0
[   78234ms] [WARNING] The resource https://s.go-mpulse.net/boomerang/K9JYF-NA9GU-K758U-APJ5Q-E7LPJ was preloaded using link preload but not used within a few seconds from the window's load event. Please make sure it has an appropriate `as` value and it is preloaded intentionally. @ https://www.ysl.com/fr-fr:0
[   81750ms] [WARNING] The resource https://s.go-mpulse.net/boomerang/K9JYF-NA9GU-K758U-APJ5Q-E7LPJ was preloaded using link preload but not used within a few seconds from the window's load event. Please make sure it has an appropriate `as` value and it is preloaded intentionally. @ https://www.ysl.com/fr-fr:0
[   85233ms] [WARNING] The resource https://s.go-mpulse.net/boomerang/K9JYF-NA9GU-K758U-APJ5Q-E7LPJ was preloaded using link preload but not used within a few seconds from the window's load event. Please make sure it has an appropriate `as` value and it is preloaded intentionally. @ https://www.ysl.com/fr-fr:0
[   88789ms] [WARNING] The resource https://s.go-mpulse.net/boomerang/K9JYF-NA9GU-K758U-APJ5Q-E7LPJ was preloaded using link preload but not used within a few seconds from the window's load event. Please make sure it has an appropriate `as` value and it is preloaded intentionally. @ https://www.ysl.com/fr-fr:0
[   92258ms] [WARNING] The resource https://s.go-mpulse.net/boomerang/K9JYF-NA9GU-K758U-APJ5Q-E7LPJ was preloaded using link preload but not used within a few seconds from the window's load event. Please make sure it has an appropriate `as` value and it is preloaded intentionally. @ https://www.ysl.com/fr-fr:0
[   95821ms] [WARNING] The resource https://s.go-mpulse.net/boomerang/K9JYF-NA9GU-K758U-APJ5Q-E7LPJ was preloaded using link preload but not used within a few seconds from the window's load event. Please make sure it has an appropriate `as` value and it is preloaded intentionally. @ https://www.ysl.com/fr-fr:0
[   99296ms] [WARNING] The resource https://s.go-mpulse.net/boomerang/K9JYF-NA9GU-K758U-APJ5Q-E7LPJ was preloaded using link preload but not used within a few seconds from the window's load event. Please make sure it has an appropriate `as` value and it is preloaded intentionally. @ https://www.ysl.com/fr-fr:0
[  102850ms] [WARNING] The resource https://s.go-mpulse.net/boomerang/K9JYF-NA9GU-K758U-APJ5Q-E7LPJ was preloaded using link preload but not used within a few seconds from the window's load event. Please make sure it has an appropriate `as` value and it is preloaded intentionally. @ https://www.ysl.com/fr-fr:0
[  106291ms] [WARNING] The resource https://s.go-mpulse.net/boomerang/K9JYF-NA9GU-K758U-APJ5Q-E7LPJ was preloaded using link preload but not used within a few seconds from the window's load event. Please make sure it has an appropriate `as` value and it is preloaded intentionally. @ https://www.ysl.com/fr-fr:0
[  109799ms] [WARNING] The resource https://s.go-mpulse.net/boomerang/K9JYF-NA9GU-K758U-APJ5Q-E7LPJ was preloaded using link preload but not used within a few seconds from the window's load event. Please make sure it has an appropriate `as` value and it is preloaded intentionally. @ https://www.ysl.com/fr-fr:0
[  113298ms] [WARNING] The resource https://s.go-mpulse.net/boomerang/K9JYF-NA9GU-K758U-APJ5Q-E7LPJ was preloaded using link preload but not used within a few seconds from the window's load event. Please make sure it has an appropriate `as` value and it is preloaded intentionally. @ https://www.ysl.com/fr-fr:0
[  116821ms] [WARNING] The resource https://s.go-mpulse.net/boomerang/K9JYF-NA9GU-K758U-APJ5Q-E7LPJ was preloaded using link preload but not used within a few seconds from the window's load event. Please make sure it has an appropriate `as` value and it is preloaded intentionally. @ https://www.ysl.com/fr-fr:0
[  120336ms] [WARNING] The resource https://s.go-mpulse.net/boomerang/K9JYF-NA9GU-K758U-APJ5Q-E7LPJ was preloaded using link preload but not used within a few seconds from the window's load event. Please make sure it has an appropriate `as` value and it is preloaded intentionally. @ https://www.ysl.com/fr-fr:0
[  127335ms] [WARNING] The resource https://s.go-mpulse.net/boomerang/K9JYF-NA9GU-K758U-APJ5Q-E7LPJ was preloaded using link preload but not used within a few seconds from the window's load event. Please make sure it has an appropriate `as` value and it is preloaded intentionally. @ https://www.ysl.com/fr-fr:0
[  130838ms] [WARNING] The resource https://s.go-mpulse.net/boomerang/K9JYF-NA9GU-K758U-APJ5Q-E7LPJ was preloaded using link preload but not used within a few seconds from the window's load event. Please make sure it has an appropriate `as` value and it is preloaded intentionally. @ https://www.ysl.com/fr-fr:0
[  134357ms] [WARNING] The resource https://s.go-mpulse.net/boomerang/K9JYF-NA9GU-K758U-APJ5Q-E7LPJ was preloaded using link preload but not used within a few seconds from the window's load event. Please make sure it has an appropriate `as` value and it is preloaded intentionally. @ https://www.ysl.com/fr-fr:0
[  137881ms] [WARNING] The resource https://s.go-mpulse.net/boomerang/K9JYF-NA9GU-K758U-APJ5Q-E7LPJ was preloaded using link preload but not used within a few seconds from the window's load event. Please make sure it has an appropriate `as` value and it is preloaded intentionally. @ https://www.ysl.com/fr-fr:0
[  141383ms] [WARNING] The resource https://s.go-mpulse.net/boomerang/K9JYF-NA9GU-K758U-APJ5Q-E7LPJ was preloaded using link preload but not used within a few seconds from the window's load event. Please make sure it has an appropriate `as` value and it is preloaded intentionally. @ https://www.ysl.com/fr-fr:0
[  144889ms] [WARNING] The resource https://s.go-mpulse.net/boomerang/K9JYF-NA9GU-K758U-APJ5Q-E7LPJ was preloaded using link preload but not used within a few seconds from the window's load event. Please make sure it has an appropriate `as` value and it is preloaded intentionally. @ https://www.ysl.com/fr-fr:0
[  148418ms] [WARNING] The resource https://s.go-mpulse.net/boomerang/K9JYF-NA9GU-K758U-APJ5Q-E7LPJ was preloaded using link preload but not used within a few seconds from the window's load event. Please make sure it has an appropriate `as` value and it is preloaded intentionally. @ https://www.ysl.com/fr-fr:0
[  151870ms] [WARNING] The resource https://s.go-mpulse.net/boomerang/K9JYF-NA9GU-K758U-APJ5Q-E7LPJ was preloaded using link preload but not used within a few seconds from the window's load event. Please make sure it has an appropriate `as` value and it is preloaded intentionally. @ https://www.ysl.com/fr-fr:0
[  155383ms] [WARNING] The resource https://s.go-mpulse.net/boomerang/K9JYF-NA9GU-K758U-APJ5Q-E7LPJ was preloaded using link preload but not used within a few seconds from the window's load event. Please make sure it has an appropriate `as` value and it is preloaded intentionally. @ https://www.ysl.com/fr-fr:0
[  158896ms] [WARNING] The resource https://s.go-mpulse.net/boomerang/K9JYF-NA9GU-K758U-APJ5Q-E7LPJ was preloaded using link preload but not used within a few seconds from the window's load event. Please make sure it has an appropriate `as` value and it is preloaded intentionally. @ https://www.ysl.com/fr-fr:0
[  162421ms] [WARNING] The resource https://s.go-mpulse.net/boomerang/K9JYF-NA9GU-K758U-APJ5Q-E7LPJ was preloaded using link preload but not used within a few seconds from the window's load event. Please make sure it has an appropriate `as` value and it is preloaded intentionally. @ https://www.ysl.com/fr-fr:0
[  165932ms] [WARNING] The resource https://s.go-mpulse.net/boomerang/K9JYF-NA9GU-K758U-APJ5Q-E7LPJ was preloaded using link preload but not used within a few seconds from the window's load event. Please make sure it has an appropriate `as` value and it is preloaded intentionally. @ https://www.ysl.com/fr-fr:0
[  169407ms] [WARNING] The resource https://s.go-mpulse.net/boomerang/K9JYF-NA9GU-K758U-APJ5Q-E7LPJ was preloaded using link preload but not used within a few seconds from the window's load event. Please make sure it has an appropriate `as` value and it is preloaded intentionally. @ https://www.ysl.com/fr-fr:0
[  172921ms] [WARNING] The resource https://s.go-mpulse.net/boomerang/K9JYF-NA9GU-K758U-APJ5Q-E7LPJ was preloaded using link preload but not used within a few seconds from the window's load event. Please make sure it has an appropriate `as` value and it is preloaded intentionally. @ https://www.ysl.com/fr-fr:0
[  176426ms] [WARNING] The resource https://s.go-mpulse.net/boomerang/K9JYF-NA9GU-K758U-APJ5Q-E7LPJ was preloaded using link preload but not used within a few seconds from the window's load event. Please make sure it has an appropriate `as` value and it is preloaded intentionally. @ https://www.ysl.com/fr-fr:0
[  179937ms] [WARNING] The resource https://s.go-mpulse.net/boomerang/K9JYF-NA9GU-K758U-APJ5Q-E7LPJ was preloaded using link preload but not used within a few seconds from the window's load event. Please make sure it has an appropriate `as` value and it is preloaded intentionally. @ https://www.ysl.com/fr-fr:0
[  190450ms] [WARNING] The resource https://s.go-mpulse.net/boomerang/K9JYF-NA9GU-K758U-APJ5Q-E7LPJ was preloaded using link preload but not used within a few seconds from the window's load event. Please make sure it has an appropriate `as` value and it is preloaded intentionally. @ https://www.ysl.com/fr-fr:0
[  193956ms] [WARNING] The resource https://s.go-mpulse.net/boomerang/K9JYF-NA9GU-K758U-APJ5Q-E7LPJ was preloaded using link preload but not used within a few seconds from the window's load event. Please make sure it has an appropriate `as` value and it is preloaded intentionally. @ https://www.ysl.com/fr-fr:0
[  197472ms] [WARNING] The resource https://s.go-mpulse.net/boomerang/K9JYF-NA9GU-K758U-APJ5Q-E7LPJ was preloaded using link preload but not used within a few seconds from the window's load event. Please make sure it has an appropriate `as` value and it is preloaded intentionally. @ https://www.ysl.com/fr-fr:0
[  200988ms] [WARNING] The resource https://s.go-mpulse.net/boomerang/K9JYF-NA9GU-K758U-APJ5Q-E7LPJ was preloaded using link preload but not used within a few seconds from the window's load event. Please make sure it has an appropriate `as` value and it is preloaded intentionally. @ https://www.ysl.com/fr-fr:0
[  204515ms] [WARNING] The resource https://s.go-mpulse.net/boomerang/K9JYF-NA9GU-K758U-APJ5Q-E7LPJ was preloaded using link preload but not used within a few seconds from the window's load event. Please make sure it has an appropriate `as` value and it is preloaded intentionally. @ https://www.ysl.com/fr-fr:0
[  208002ms] [WARNING] The resource https://s.go-mpulse.net/boomerang/K9JYF-NA9GU-K758U-APJ5Q-E7LPJ was preloaded using link preload but not used within a few seconds from the window's load event. Please make sure it has an appropriate `as` value and it is preloaded intentionally. @ https://www.ysl.com/fr-fr:0
[  211559ms] [WARNING] The resource https://s.go-mpulse.net/boomerang/K9JYF-NA9GU-K758U-APJ5Q-E7LPJ was preloaded using link preload but not used within a few seconds from the window's load event. Please make sure it has an appropriate `as` value and it is preloaded intentionally. @ https://www.ysl.com/fr-fr:0
[  215023ms] [WARNING] The resource https://s.go-mpulse.net/boomerang/K9JYF-NA9GU-K758U-APJ5Q-E7LPJ was preloaded using link preload but not used within a few seconds from the window's load event. Please make sure it has an appropriate `as` value and it is preloaded intentionally. @ https://www.ysl.com/fr-fr:0
[  218522ms] [WARNING] The resource https://s.go-mpulse.net/boomerang/K9JYF-NA9GU-K758U-APJ5Q-E7LPJ was preloaded using link preload but not used within a few seconds from the window's load event. Please make sure it has an appropriate `as` value and it is preloaded intentionally. @ https://www.ysl.com/fr-fr:0
[  222028ms] [WARNING] The resource https://s.go-mpulse.net/boomerang/K9JYF-NA9GU-K758U-APJ5Q-E7LPJ was preloaded using link preload but not used within a few seconds from the window's load event. Please make sure it has an appropriate `as` value and it is preloaded intentionally. @ https://www.ysl.com/fr-fr:0
[  225544ms] [WARNING] The resource https://s.go-mpulse.net/boomerang/K9JYF-NA9GU-K758U-APJ5Q-E7LPJ was preloaded using link preload but not used within a few seconds from the window's load event. Please make sure it has an appropriate `as` value and it is preloaded intentionally. @ https://www.ysl.com/fr-fr:0
[  229045ms] [WARNING] The resource https://s.go-mpulse.net/boomerang/K9JYF-NA9GU-K758U-APJ5Q-E7LPJ was preloaded using link preload but not used within a few seconds from the window's load event. Please make sure it has an appropriate `as` value and it is preloaded intentionally. @ https://www.ysl.com/fr-fr:0
[  232559ms] [WARNING] The resource https://s.go-mpulse.net/boomerang/K9JYF-NA9GU-K758U-APJ5Q-E7LPJ was preloaded using link preload but not used within a few seconds from the window's load event. Please make sure it has an appropriate `as` value and it is preloaded intentionally. @ https://www.ysl.com/fr-fr:0
[  236052ms] [WARNING] The resource https://s.go-mpulse.net/boomerang/K9JYF-NA9GU-K758U-APJ5Q-E7LPJ was preloaded using link preload but not used within a few seconds from the window's load event. Please make sure it has an appropriate `as` value and it is preloaded intentionally. @ https://www.ysl.com/fr-fr:0
[  239568ms] [WARNING] The resource https://s.go-mpulse.net/boomerang/K9JYF-NA9GU-K758U-APJ5Q-E7LPJ was preloaded using link preload but not used within a few seconds from the window's load event. Please make sure it has an appropriate `as` value and it is preloaded intentionally. @ https://www.ysl.com/fr-fr:0
[  243084ms] [WARNING] The resource https://s.go-mpulse.net/boomerang/K9JYF-NA9GU-K758U-APJ5Q-E7LPJ was preloaded using link preload but not used within a few seconds from the window's load event. Please make sure it has an appropriate `as` value and it is preloaded intentionally. @ https://www.ysl.com/fr-fr:0
[  250112ms] [WARNING] The resource https://s.go-mpulse.net/boomerang/K9JYF-NA9GU-K758U-APJ5Q-E7LPJ was preloaded using link preload but not used within a few seconds from the window's load event. Please make sure it has an appropriate `as` value and it is preloaded intentionally. @ https://www.ysl.com/fr-fr:0
[  253613ms] [WARNING] The resource https://s.go-mpulse.net/boomerang/K9JYF-NA9GU-K758U-APJ5Q-E7LPJ was preloaded using link preload but not used within a few seconds from the window's load event. Please make sure it has an appropriate `as` value and it is preloaded intentionally. @ https://www.ysl.com/fr-fr:0
[  257127ms] [WARNING] The resource https://s.go-mpulse.net/boomerang/K9JYF-NA9GU-K758U-APJ5Q-E7LPJ was preloaded using link preload but not used within a few seconds from the window's load event. Please make sure it has an appropriate `as` value and it is preloaded intentionally. @ https://www.ysl.com/fr-fr:0
[  260622ms] [WARNING] The resource https://s.go-mpulse.net/boomerang/K9JYF-NA9GU-K758U-APJ5Q-E7LPJ was preloaded using link preload but not used within a few seconds from the window's load event. Please make sure it has an appropriate `as` value and it is preloaded intentionally. @ https://www.ysl.com/fr-fr:0
[  264133ms] [WARNING] The resource https://s.go-mpulse.net/boomerang/K9JYF-NA9GU-K758U-APJ5Q-E7LPJ was preloaded using link preload but not used within a few seconds from the window's load event. Please make sure it has an appropriate `as` value and it is preloaded intentionally. @ https://www.ysl.com/fr-fr:0
[  267651ms] [WARNING] The resource https://s.go-mpulse.net/boomerang/K9JYF-NA9GU-K758U-APJ5Q-E7LPJ was preloaded using link preload but not used within a few seconds from the window's load event. Please make sure it has an appropriate `as` value and it is preloaded intentionally. @ https://www.ysl.com/fr-fr:0
[  271142ms] [WARNING] The resource https://s.go-mpulse.net/boomerang/K9JYF-NA9GU-K758U-APJ5Q-E7LPJ was preloaded using link preload but not used within a few seconds from the window's load event. Please make sure it has an appropriate `as` value and it is preloaded intentionally. @ https://www.ysl.com/fr-fr:0
[  274654ms] [WARNING] The resource https://s.go-mpulse.net/boomerang/K9JYF-NA9GU-K758U-APJ5Q-E7LPJ was preloaded using link preload but not used within a few seconds from the window's load event. Please make sure it has an appropriate `as` value and it is preloaded intentionally. @ https://www.ysl.com/fr-fr:0
[  278163ms] [WARNING] The resource https://s.go-mpulse.net/boomerang/K9JYF-NA9GU-K758U-APJ5Q-E7LPJ was preloaded using link preload but not used within a few seconds from the window's load event. Please make sure it has an appropriate `as` value and it is preloaded intentionally. @ https://www.ysl.com/fr-fr:0
[  281659ms] [WARNING] The resource https://s.go-mpulse.net/boomerang/K9JYF-NA9GU-K758U-APJ5Q-E7LPJ was preloaded using link preload but not used within a few seconds from the window's load event. Please make sure it has an appropriate `as` value and it is preloaded intentionally. @ https://www.ysl.com/fr-fr:0
[  285177ms] [WARNING] The resource https://s.go-mpulse.net/boomerang/K9JYF-NA9GU-K758U-APJ5Q-E7LPJ was preloaded using link preload but not used within a few seconds from the window's load event. Please make sure it has an appropriate `as` value and it is preloaded intentionally. @ https://www.ysl.com/fr-fr:0
[  288686ms] [WARNING] The resource https://s.go-mpulse.net/boomerang/K9JYF-NA9GU-K758U-APJ5Q-E7LPJ was preloaded using link preload but not used within a few seconds from the window's load event. Please make sure it has an appropriate `as` value and it is preloaded intentionally. @ https://www.ysl.com/fr-fr:0
[  292179ms] [WARNING] The resource https://s.go-mpulse.net/boomerang/K9JYF-NA9GU-K758U-APJ5Q-E7LPJ was preloaded using link preload but not used within a few seconds from the window's load event. Please make sure it has an appropriate `as` value and it is preloaded intentionally. @ https://www.ysl.com/fr-fr:0
[  295689ms] [WARNING] The resource https://s.go-mpulse.net/boomerang/K9JYF-NA9GU-K758U-APJ5Q-E7LPJ was preloaded using link preload but not used within a few seconds from the window's load event. Please make sure it has an appropriate `as` value and it is preloaded intentionally. @ https://www.ysl.com/fr-fr:0
[  299212ms] [WARNING] The resource https://s.go-mpulse.net/boomerang/K9JYF-NA9GU-K758U-APJ5Q-E7LPJ was preloaded using link preload but not used within a few seconds from the window's load event. Please make sure it has an appropriate `as` value and it is preloaded intentionally. @ https://www.ysl.com/fr-fr:0
[  301628ms] [LOG] disconnected from inside @ https://cdn.quantummetric.com/qscripts/quantum-ysl.js:120
[  306234ms] [WARNING] The resource https://s.go-mpulse.net/boomerang/K9JYF-NA9GU-K758U-APJ5Q-E7LPJ was preloaded using link preload but not used within a few seconds from the window's load event. Please make sure it has an appropriate `as` value and it is preloaded intentionally. @ https://www.ysl.com/fr-fr:0
[  309729ms] [WARNING] The resource https://s.go-mpulse.net/boomerang/K9JYF-NA9GU-K758U-APJ5Q-E7LPJ was preloaded using link preload but not used within a few seconds from the window's load event. Please make sure it has an appropriate `as` value and it is preloaded intentionally. @ https://www.ysl.com/fr-fr:0
[  313226ms] [WARNING] The resource https://s.go-mpulse.net/boomerang/K9JYF-NA9GU-K758U-APJ5Q-E7LPJ was preloaded using link preload but not used within a few seconds from the window's load event. Please make sure it has an appropriate `as` value and it is preloaded intentionally. @ https://www.ysl.com/fr-fr:0
[  316734ms] [WARNING] The resource https://s.go-mpulse.net/boomerang/K9JYF-NA9GU-K758U-APJ5Q-E7LPJ was preloaded using link preload but not used within a few seconds from the window's load event. Please make sure it has an appropriate `as` value and it is preloaded intentionally. @ https://www.ysl.com/fr-fr:0
[  320255ms] [WARNING] The resource https://s.go-mpulse.net/boomerang/K9JYF-NA9GU-K758U-APJ5Q-E7LPJ was preloaded using link preload but not used within a few seconds from the window's load event. Please make sure it has an appropriate `as` value and it is preloaded intentionally. @ https://www.ysl.com/fr-fr:0
[  323774ms] [WARNING] The resource https://s.go-mpulse.net/boomerang/K9JYF-NA9GU-K758U-APJ5Q-E7LPJ was preloaded using link preload but not used within a few seconds from the window's load event. Please make sure it has an appropriate `as` value and it is preloaded intentionally. @ https://www.ysl.com/fr-fr:0
[  327270ms] [WARNING] The resource https://s.go-mpulse.net/boomerang/K9JYF-NA9GU-K758U-APJ5Q-E7LPJ was preloaded using link preload but not used within a few seconds from the window's load event. Please make sure it has an appropriate `as` value and it is preloaded intentionally. @ https://www.ysl.com/fr-fr:0
[  330778ms] [WARNING] The resource https://s.go-mpulse.net/boomerang/K9JYF-NA9GU-K758U-APJ5Q-E7LPJ was preloaded using link preload but not used within a few seconds from the window's load event. Please make sure it has an appropriate `as` value and it is preloaded intentionally. @ https://www.ysl.com/fr-fr:0
[  334288ms] [WARNING] The resource https://s.go-mpulse.net/boomerang/K9JYF-NA9GU-K758U-APJ5Q-E7LPJ was preloaded using link preload but not used within a few seconds from the window's load event. Please make sure it has an appropriate `as` value and it is preloaded intentionally. @ https://www.ysl.com/fr-fr:0
[  337793ms] [WARNING] The resource https://s.go-mpulse.net/boomerang/K9JYF-NA9GU-K758U-APJ5Q-E7LPJ was preloaded using link preload but not used within a few seconds from the window's load event. Please make sure it has an appropriate `as` value and it is preloaded intentionally. @ https://www.ysl.com/fr-fr:0
[  341303ms] [WARNING] The resource https://s.go-mpulse.net/boomerang/K9JYF-NA9GU-K758U-APJ5Q-E7LPJ was preloaded using link preload but not used within a few seconds from the window's load event. Please make sure it has an appropriate `as` value and it is preloaded intentionally. @ https://www.ysl.com/fr-fr:0
[  344802ms] [WARNING] The resource https://s.go-mpulse.net/boomerang/K9JYF-NA9GU-K758U-APJ5Q-E7LPJ was preloaded using link preload but not used within a few seconds from the window's load event. Please make sure it has an appropriate `as` value and it is preloaded intentionally. @ https://www.ysl.com/fr-fr:0
[  348309ms] [WARNING] The resource https://s.go-mpulse.net/boomerang/K9JYF-NA9GU-K758U-APJ5Q-E7LPJ was preloaded using link preload but not used within a few seconds from the window's load event. Please make sure it has an appropriate `as` value and it is preloaded intentionally. @ https://www.ysl.com/fr-fr:0
[  351822ms] [WARNING] The resource https://s.go-mpulse.net/boomerang/K9JYF-NA9GU-K758U-APJ5Q-E7LPJ was preloaded using link preload but not used within a few seconds from the window's load event. Please make sure it has an appropriate `as` value and it is preloaded intentionally. @ https://www.ysl.com/fr-fr:0
[  355331ms] [WARNING] The resource https://s.go-mpulse.net/boomerang/K9JYF-NA9GU-K758U-APJ5Q-E7LPJ was preloaded using link preload but not used within a few seconds from the window's load event. Please make sure it has an appropriate `as` value and it is preloaded intentionally. @ https://www.ysl.com/fr-fr:0
[  358835ms] [WARNING] The resource https://s.go-mpulse.net/boomerang/K9JYF-NA9GU-K758U-APJ5Q-E7LPJ was preloaded using link preload but not used within a few seconds from the window's load event. Please make sure it has an appropriate `as` value and it is preloaded intentionally. @ https://www.ysl.com/fr-fr:0
[  365885ms] [WARNING] The resource https://s.go-mpulse.net/boomerang/K9JYF-NA9GU-K758U-APJ5Q-E7LPJ was preloaded using link preload but not used within a few seconds from the window's load event. Please make sure it has an appropriate `as` value and it is preloaded intentionally. @ https://www.ysl.com/fr-fr:0
[  369356ms] [WARNING] The resource https://s.go-mpulse.net/boomerang/K9JYF-NA9GU-K758U-APJ5Q-E7LPJ was preloaded using link preload but not used within a few seconds from the window's load event. Please make sure it has an appropriate `as` value and it is preloaded intentionally. @ https://www.ysl.com/fr-fr:0
[  372873ms] [WARNING] The resource https://s.go-mpulse.net/boomerang/K9JYF-NA9GU-K758U-APJ5Q-E7LPJ was preloaded using link preload but not used within a few seconds from the window's load event. Please make sure it has an appropriate `as` value and it is preloaded intentionally. @ https://www.ysl.com/fr-fr:0
[  376386ms] [WARNING] The resource https://s.go-mpulse.net/boomerang/K9JYF-NA9GU-K758U-APJ5Q-E7LPJ was preloaded using link preload but not used within a few seconds from the window's load event. Please make sure it has an appropriate `as` value and it is preloaded intentionally. @ https://www.ysl.com/fr-fr:0
[  379901ms] [WARNING] The resource https://s.go-mpulse.net/boomerang/K9JYF-NA9GU-K758U-APJ5Q-E7LPJ was preloaded using link preload but not used within a few seconds from the window's load event. Please make sure it has an appropriate `as` value and it is preloaded intentionally. @ https://www.ysl.com/fr-fr:0
[  383386ms] [WARNING] The resource https://s.go-mpulse.net/boomerang/K9JYF-NA9GU-K758U-APJ5Q-E7LPJ was preloaded using link preload but not used within a few seconds from the window's load event. Please make sure it has an appropriate `as` value and it is preloaded intentionally. @ https://www.ysl.com/fr-fr:0
[  386893ms] [WARNING] The resource https://s.go-mpulse.net/boomerang/K9JYF-NA9GU-K758U-APJ5Q-E7LPJ was preloaded using link preload but not used within a few seconds from the window's load event. Please make sure it has an appropriate `as` value and it is preloaded intentionally. @ https://www.ysl.com/fr-fr:0
[  390400ms] [WARNING] The resource https://s.go-mpulse.net/boomerang/K9JYF-NA9GU-K758U-APJ5Q-E7LPJ was preloaded using link preload but not used within a few seconds from the window's load event. Please make sure it has an appropriate `as` value and it is preloaded intentionally. @ https://www.ysl.com/fr-fr:0
[  393896ms] [WARNING] The resource https://s.go-mpulse.net/boomerang/K9JYF-NA9GU-K758U-APJ5Q-E7LPJ was preloaded using link preload but not used within a few seconds from the window's load event. Please make sure it has an appropriate `as` value and it is preloaded intentionally. @ https://www.ysl.com/fr-fr:0
[  397403ms] [WARNING] The resource https://s.go-mpulse.net/boomerang/K9JYF-NA9GU-K758U-APJ5Q-E7LPJ was preloaded using link preload but not used within a few seconds from the window's load event. Please make sure it has an appropriate `as` value and it is preloaded intentionally. @ https://www.ysl.com/fr-fr:0
[  400893ms] [WARNING] The resource https://s.go-mpulse.net/boomerang/K9JYF-NA9GU-K758U-APJ5Q-E7LPJ was preloaded using link preload but not used within a few seconds from the window's load event. Please make sure it has an appropriate `as` value and it is preloaded intentionally. @ https://www.ysl.com/fr-fr:0
[  404402ms] [WARNING] The resource https://s.go-mpulse.net/boomerang/K9JYF-NA9GU-K758U-APJ5Q-E7LPJ was preloaded using link preload but not used within a few seconds from the window's load event. Please make sure it has an appropriate `as` value and it is preloaded intentionally. @ https://www.ysl.com/fr-fr:0
[  407931ms] [WARNING] The resource https://s.go-mpulse.net/boomerang/K9JYF-NA9GU-K758U-APJ5Q-E7LPJ was preloaded using link preload but not used within a few seconds from the window's load event. Please make sure it has an appropriate `as` value and it is preloaded intentionally. @ https://www.ysl.com/fr-fr:0
[  411416ms] [WARNING] The resource https://s.go-mpulse.net/boomerang/K9JYF-NA9GU-K758U-APJ5Q-E7LPJ was preloaded using link preload but not used within a few seconds from the window's load event. Please make sure it has an appropriate `as` value and it is preloaded intentionally. @ https://www.ysl.com/fr-fr:0
[  414931ms] [WARNING] The resource https://s.go-mpulse.net/boomerang/K9JYF-NA9GU-K758U-APJ5Q-E7LPJ was preloaded using link preload but not used within a few seconds from the window's load event. Please make sure it has an appropriate `as` value and it is preloaded intentionally. @ https://www.ysl.com/fr-fr:0
[  418443ms] [WARNING] The resource https://s.go-mpulse.net/boomerang/K9JYF-NA9GU-K758U-APJ5Q-E7LPJ was preloaded using link preload but not used within a few seconds from the window's load event. Please make sure it has an appropriate `as` value and it is preloaded intentionally. @ https://www.ysl.com/fr-fr:0
[  421960ms] [WARNING] The resource https://s.go-mpulse.net/boomerang/K9JYF-NA9GU-K758U-APJ5Q-E7LPJ was preloaded using link preload but not used within a few seconds from the window's load event. Please make sure it has an appropriate `as` value and it is preloaded intentionally. @ https://www.ysl.com/fr-fr:0
[  425475ms] [WARNING] The resource https://s.go-mpulse.net/boomerang/K9JYF-NA9GU-K758U-APJ5Q-E7LPJ was preloaded using link preload but not used within a few seconds from the window's load event. Please make sure it has an appropriate `as` value and it is preloaded intentionally. @ https://www.ysl.com/fr-fr:0
[  428961ms] [WARNING] The resource https://s.go-mpulse.net/boomerang/K9JYF-NA9GU-K758U-APJ5Q-E7LPJ was preloaded using link preload but not used within a few seconds from the window's load event. Please make sure it has an appropriate `as` value and it is preloaded intentionally. @ https://www.ysl.com/fr-fr:0
[  432468ms] [WARNING] The resource https://s.go-mpulse.net/boomerang/K9JYF-NA9GU-K758U-APJ5Q-E7LPJ was preloaded using link preload but not used within a few seconds from the window's load event. Please make sure it has an appropriate `as` value and it is preloaded intentionally. @ https://www.ysl.com/fr-fr:0
[  435980ms] [WARNING] The resource https://s.go-mpulse.net/boomerang/K9JYF-NA9GU-K758U-APJ5Q-E7LPJ was preloaded using link preload but not used within a few seconds from the window's load event. Please make sure it has an appropriate `as` value and it is preloaded intentionally. @ https://www.ysl.com/fr-fr:0
[  439486ms] [WARNING] The resource https://s.go-mpulse.net/boomerang/K9JYF-NA9GU-K758U-APJ5Q-E7LPJ was preloaded using link preload but not used within a few seconds from the window's load event. Please make sure it has an appropriate `as` value and it is preloaded intentionally. @ https://www.ysl.com/fr-fr:0
[  443123ms] [WARNING] The resource https://s.go-mpulse.net/boomerang/K9JYF-NA9GU-K758U-APJ5Q-E7LPJ was preloaded using link preload but not used within a few seconds from the window's load event. Please make sure it has an appropriate `as` value and it is preloaded intentionally. @ https://www.ysl.com/fr-fr:0
[  446497ms] [WARNING] The resource https://s.go-mpulse.net/boomerang/K9JYF-NA9GU-K758U-APJ5Q-E7LPJ was preloaded using link preload but not used within a few seconds from the window's load event. Please make sure it has an appropriate `as` value and it is preloaded intentionally. @ https://www.ysl.com/fr-fr:0
[  450041ms] [WARNING] The resource https://s.go-mpulse.net/boomerang/K9JYF-NA9GU-K758U-APJ5Q-E7LPJ was preloaded using link preload but not used within a few seconds from the window's load event. Please make sure it has an appropriate `as` value and it is preloaded intentionally. @ https://www.ysl.com/fr-fr:0
[  453535ms] [WARNING] The resource https://s.go-mpulse.net/boomerang/K9JYF-NA9GU-K758U-APJ5Q-E7LPJ was preloaded using link preload but not used within a few seconds from the window's load event. Please make sure it has an appropriate `as` value and it is preloaded intentionally. @ https://www.ysl.com/fr-fr:0
[  457028ms] [WARNING] The resource https://s.go-mpulse.net/boomerang/K9JYF-NA9GU-K758U-APJ5Q-E7LPJ was preloaded using link preload but not used within a few seconds from the window's load event. Please make sure it has an appropriate `as` value and it is preloaded intentionally. @ https://www.ysl.com/fr-fr:0
[  460524ms] [WARNING] The resource https://s.go-mpulse.net/boomerang/K9JYF-NA9GU-K758U-APJ5Q-E7LPJ was preloaded using link preload but not used within a few seconds from the window's load event. Please make sure it has an appropriate `as` value and it is preloaded intentionally. @ https://www.ysl.com/fr-fr:0
[  464042ms] [WARNING] The resource https://s.go-mpulse.net/boomerang/K9JYF-NA9GU-K758U-APJ5Q-E7LPJ was preloaded using link preload but not used within a few seconds from the window's load event. Please make sure it has an appropriate `as` value and it is preloaded intentionally. @ https://www.ysl.com/fr-fr:0
[  467537ms] [WARNING] The resource https://s.go-mpulse.net/boomerang/K9JYF-NA9GU-K758U-APJ5Q-E7LPJ was preloaded using link preload but not used within a few seconds from the window's load event. Please make sure it has an appropriate `as` value and it is preloaded intentionally. @ https://www.ysl.com/fr-fr:0
[  471049ms] [WARNING] The resource https://s.go-mpulse.net/boomerang/K9JYF-NA9GU-K758U-APJ5Q-E7LPJ was preloaded using link preload but not used within a few seconds from the window's load event. Please make sure it has an appropriate `as` value and it is preloaded intentionally. @ https://www.ysl.com/fr-fr:0
[  474560ms] [WARNING] The resource https://s.go-mpulse.net/boomerang/K9JYF-NA9GU-K758U-APJ5Q-E7LPJ was preloaded using link preload but not used within a few seconds from the window's load event. Please make sure it has an appropriate `as` value and it is preloaded intentionally. @ https://www.ysl.com/fr-fr:0
[  478090ms] [WARNING] The resource https://s.go-mpulse.net/boomerang/K9JYF-NA9GU-K758U-APJ5Q-E7LPJ was preloaded using link preload but not used within a few seconds from the window's load event. Please make sure it has an appropriate `as` value and it is preloaded intentionally. @ https://www.ysl.com/fr-fr:0
[  481582ms] [WARNING] The resource https://s.go-mpulse.net/boomerang/K9JYF-NA9GU-K758U-APJ5Q-E7LPJ was preloaded using link preload but not used within a few seconds from the window's load event. Please make sure it has an appropriate `as` value and it is preloaded intentionally. @ https://www.ysl.com/fr-fr:0
[  485123ms] [WARNING] The resource https://s.go-mpulse.net/boomerang/K9JYF-NA9GU-K758U-APJ5Q-E7LPJ was preloaded using link preload but not used within a few seconds from the window's load event. Please make sure it has an appropriate `as` value and it is preloaded intentionally. @ https://www.ysl.com/fr-fr:0
[  488595ms] [WARNING] The resource https://s.go-mpulse.net/boomerang/K9JYF-NA9GU-K758U-APJ5Q-E7LPJ was preloaded using link preload but not used within a few seconds from the window's load event. Please make sure it has an appropriate `as` value and it is preloaded intentionally. @ https://www.ysl.com/fr-fr:0
[  492112ms] [WARNING] The resource https://s.go-mpulse.net/boomerang/K9JYF-NA9GU-K758U-APJ5Q-E7LPJ was preloaded using link preload but not used within a few seconds from the window's load event. Please make sure it has an appropriate `as` value and it is preloaded intentionally. @ https://www.ysl.com/fr-fr:0
[  495609ms] [WARNING] The resource https://s.go-mpulse.net/boomerang/K9JYF-NA9GU-K758U-APJ5Q-E7LPJ was preloaded using link preload but not used within a few seconds from the window's load event. Please make sure it has an appropriate `as` value and it is preloaded intentionally. @ https://www.ysl.com/fr-fr:0
[  499147ms] [WARNING] The resource https://s.go-mpulse.net/boomerang/K9JYF-NA9GU-K758U-APJ5Q-E7LPJ was preloaded using link preload but not used within a few seconds from the window's load event. Please make sure it has an appropriate `as` value and it is preloaded intentionally. @ https://www.ysl.com/fr-fr:0
[  502638ms] [WARNING] The resource https://s.go-mpulse.net/boomerang/K9JYF-NA9GU-K758U-APJ5Q-E7LPJ was preloaded using link preload but not used within a few seconds from the window's load event. Please make sure it has an appropriate `as` value and it is preloaded intentionally. @ https://www.ysl.com/fr-fr:0
[  506151ms] [WARNING] The resource https://s.go-mpulse.net/boomerang/K9JYF-NA9GU-K758U-APJ5Q-E7LPJ was preloaded using link preload but not used within a few seconds from the window's load event. Please make sure it has an appropriate `as` value and it is preloaded intentionally. @ https://www.ysl.com/fr-fr:0
[  509676ms] [WARNING] The resource https://s.go-mpulse.net/boomerang/K9JYF-NA9GU-K758U-APJ5Q-E7LPJ was preloaded using link preload but not used within a few seconds from the window's load event. Please make sure it has an appropriate `as` value and it is preloaded intentionally. @ https://www.ysl.com/fr-fr:0
[  513181ms] [WARNING] The resource https://s.go-mpulse.net/boomerang/K9JYF-NA9GU-K758U-APJ5Q-E7LPJ was preloaded using link preload but not used within a few seconds from the window's load event. Please make sure it has an appropriate `as` value and it is preloaded intentionally. @ https://www.ysl.com/fr-fr:0
[  516689ms] [WARNING] The resource https://s.go-mpulse.net/boomerang/K9JYF-NA9GU-K758U-APJ5Q-E7LPJ was preloaded using link preload but not used within a few seconds from the window's load event. Please make sure it has an appropriate `as` value and it is preloaded intentionally. @ https://www.ysl.com/fr-fr:0
[  520207ms] [WARNING] The resource https://s.go-mpulse.net/boomerang/K9JYF-NA9GU-K758U-APJ5Q-E7LPJ was preloaded using link preload but not used within a few seconds from the window's load event. Please make sure it has an appropriate `as` value and it is preloaded intentionally. @ https://www.ysl.com/fr-fr:0
[  523695ms] [WARNING] The resource https://s.go-mpulse.net/boomerang/K9JYF-NA9GU-K758U-APJ5Q-E7LPJ was preloaded using link preload but not used within a few seconds from the window's load event. Please make sure it has an appropriate `as` value and it is preloaded intentionally. @ https://www.ysl.com/fr-fr:0
[  527206ms] [WARNING] The resource https://s.go-mpulse.net/boomerang/K9JYF-NA9GU-K758U-APJ5Q-E7LPJ was preloaded using link preload but not used within a few seconds from the window's load event. Please make sure it has an appropriate `as` value and it is preloaded intentionally. @ https://www.ysl.com/fr-fr:0
[  530722ms] [WARNING] The resource https://s.go-mpulse.net/boomerang/K9JYF-NA9GU-K758U-APJ5Q-E7LPJ was preloaded using link preload but not used within a few seconds from the window's load event. Please make sure it has an appropriate `as` value and it is preloaded intentionally. @ https://www.ysl.com/fr-fr:0
[  534228ms] [WARNING] The resource https://s.go-mpulse.net/boomerang/K9JYF-NA9GU-K758U-APJ5Q-E7LPJ was preloaded using link preload but not used within a few seconds from the window's load event. Please make sure it has an appropriate `as` value and it is preloaded intentionally. @ https://www.ysl.com/fr-fr:0
[  537729ms] [WARNING] The resource https://s.go-mpulse.net/boomerang/K9JYF-NA9GU-K758U-APJ5Q-E7LPJ was preloaded using link preload but not used within a few seconds from the window's load event. Please make sure it has an appropriate `as` value and it is preloaded intentionally. @ https://www.ysl.com/fr-fr:0
[  544756ms] [WARNING] The resource https://s.go-mpulse.net/boomerang/K9JYF-NA9GU-K758U-APJ5Q-E7LPJ was preloaded using link preload but not used within a few seconds from the window's load event. Please make sure it has an appropriate `as` value and it is preloaded intentionally. @ https://www.ysl.com/fr-fr:0
[  548276ms] [WARNING] The resource https://s.go-mpulse.net/boomerang/K9JYF-NA9GU-K758U-APJ5Q-E7LPJ was preloaded using link preload but not used within a few seconds from the window's load event. Please make sure it has an appropriate `as` value and it is preloaded intentionally. @ https://www.ysl.com/fr-fr:0
[  551760ms] [WARNING] The resource https://s.go-mpulse.net/boomerang/K9JYF-NA9GU-K758U-APJ5Q-E7LPJ was preloaded using link preload but not used within a few seconds from the window's load event. Please make sure it has an appropriate `as` value and it is preloaded intentionally. @ https://www.ysl.com/fr-fr:0
[  555259ms] [WARNING] The resource https://s.go-mpulse.net/boomerang/K9JYF-NA9GU-K758U-APJ5Q-E7LPJ was preloaded using link preload but not used within a few seconds from the window's load event. Please make sure it has an appropriate `as` value and it is preloaded intentionally. @ https://www.ysl.com/fr-fr:0
[  558771ms] [WARNING] The resource https://s.go-mpulse.net/boomerang/K9JYF-NA9GU-K758U-APJ5Q-E7LPJ was preloaded using link preload but not used within a few seconds from the window's load event. Please make sure it has an appropriate `as` value and it is preloaded intentionally. @ https://www.ysl.com/fr-fr:0
[  562278ms] [WARNING] The resource https://s.go-mpulse.net/boomerang/K9JYF-NA9GU-K758U-APJ5Q-E7LPJ was preloaded using link preload but not used within a few seconds from the window's load event. Please make sure it has an appropriate `as` value and it is preloaded intentionally. @ https://www.ysl.com/fr-fr:0
[  565803ms] [WARNING] The resource https://s.go-mpulse.net/boomerang/K9JYF-NA9GU-K758U-APJ5Q-E7LPJ was preloaded using link preload but not used within a few seconds from the window's load event. Please make sure it has an appropriate `as` value and it is preloaded intentionally. @ https://www.ysl.com/fr-fr:0
[  569313ms] [WARNING] The resource https://s.go-mpulse.net/boomerang/K9JYF-NA9GU-K758U-APJ5Q-E7LPJ was preloaded using link preload but not used within a few seconds from the window's load event. Please make sure it has an appropriate `as` value and it is preloaded intentionally. @ https://www.ysl.com/fr-fr:0
[  572790ms] [WARNING] The resource https://s.go-mpulse.net/boomerang/K9JYF-NA9GU-K758U-APJ5Q-E7LPJ was preloaded using link preload but not used within a few seconds from the window's load event. Please make sure it has an appropriate `as` value and it is preloaded intentionally. @ https://www.ysl.com/fr-fr:0
[  576283ms] [WARNING] The resource https://s.go-mpulse.net/boomerang/K9JYF-NA9GU-K758U-APJ5Q-E7LPJ was preloaded using link preload but not used within a few seconds from the window's load event. Please make sure it has an appropriate `as` value and it is preloaded intentionally. @ https://www.ysl.com/fr-fr:0
[  579810ms] [WARNING] The resource https://s.go-mpulse.net/boomerang/K9JYF-NA9GU-K758U-APJ5Q-E7LPJ was preloaded using link preload but not used within a few seconds from the window's load event. Please make sure it has an appropriate `as` value and it is preloaded intentionally. @ https://www.ysl.com/fr-fr:0
[  583317ms] [WARNING] The resource https://s.go-mpulse.net/boomerang/K9JYF-NA9GU-K758U-APJ5Q-E7LPJ was preloaded using link preload but not used within a few seconds from the window's load event. Please make sure it has an appropriate `as` value and it is preloaded intentionally. @ https://www.ysl.com/fr-fr:0
[  586809ms] [WARNING] The resource https://s.go-mpulse.net/boomerang/K9JYF-NA9GU-K758U-APJ5Q-E7LPJ was preloaded using link preload but not used within a few seconds from the window's load event. Please make sure it has an appropriate `as` value and it is preloaded intentionally. @ https://www.ysl.com/fr-fr:0
[  590322ms] [WARNING] The resource https://s.go-mpulse.net/boomerang/K9JYF-NA9GU-K758U-APJ5Q-E7LPJ was preloaded using link preload but not used within a few seconds from the window's load event. Please make sure it has an appropriate `as` value and it is preloaded intentionally. @ https://www.ysl.com/fr-fr:0
[  593826ms] [WARNING] The resource https://s.go-mpulse.net/boomerang/K9JYF-NA9GU-K758U-APJ5Q-E7LPJ was preloaded using link preload but not used within a few seconds from the window's load event. Please make sure it has an appropriate `as` value and it is preloaded intentionally. @ https://www.ysl.com/fr-fr:0
[  597319ms] [WARNING] The resource https://s.go-mpulse.net/boomerang/K9JYF-NA9GU-K758U-APJ5Q-E7LPJ was preloaded using link preload but not used within a few seconds from the window's load event. Please make sure it has an appropriate `as` value and it is preloaded intentionally. @ https://www.ysl.com/fr-fr:0
[  600833ms] [WARNING] The resource https://s.go-mpulse.net/boomerang/K9JYF-NA9GU-K758U-APJ5Q-E7LPJ was preloaded using link preload but not used within a few seconds from the window's load event. Please make sure it has an appropriate `as` value and it is preloaded intentionally. @ https://www.ysl.com/fr-fr:0
[  604357ms] [WARNING] The resource https://s.go-mpulse.net/boomerang/K9JYF-NA9GU-K758U-APJ5Q-E7LPJ was preloaded using link preload but not used within a few seconds from the window's load event. Please make sure it has an appropriate `as` value and it is preloaded intentionally. @ https://www.ysl.com/fr-fr:0
[  607858ms] [WARNING] The resource https://s.go-mpulse.net/boomerang/K9JYF-NA9GU-K758U-APJ5Q-E7LPJ was preloaded using link preload but not used within a few seconds from the window's load event. Please make sure it has an appropriate `as` value and it is preloaded intentionally. @ https://www.ysl.com/fr-fr:0
[  611362ms] [WARNING] The resource https://s.go-mpulse.net/boomerang/K9JYF-NA9GU-K758U-APJ5Q-E7LPJ was preloaded using link preload but not used within a few seconds from the window's load event. Please make sure it has an appropriate `as` value and it is preloaded intentionally. @ https://www.ysl.com/fr-fr:0
[  614865ms] [WARNING] The resource https://s.go-mpulse.net/boomerang/K9JYF-NA9GU-K758U-APJ5Q-E7LPJ was preloaded using link preload but not used within a few seconds from the window's load event. Please make sure it has an appropriate `as` value and it is preloaded intentionally. @ https://www.ysl.com/fr-fr:0
[  618386ms] [WARNING] The resource https://s.go-mpulse.net/boomerang/K9JYF-NA9GU-K758U-APJ5Q-E7LPJ was preloaded using link preload but not used within a few seconds from the window's load event. Please make sure it has an appropriate `as` value and it is preloaded intentionally. @ https://www.ysl.com/fr-fr:0
[  621893ms] [WARNING] The resource https://s.go-mpulse.net/boomerang/K9JYF-NA9GU-K758U-APJ5Q-E7LPJ was preloaded using link preload but not used within a few seconds from the window's load event. Please make sure it has an appropriate `as` value and it is preloaded intentionally. @ https://www.ysl.com/fr-fr:0
[  625382ms] [WARNING] The resource https://s.go-mpulse.net/boomerang/K9JYF-NA9GU-K758U-APJ5Q-E7LPJ was preloaded using link preload but not used within a few seconds from the window's load event. Please make sure it has an appropriate `as` value and it is preloaded intentionally. @ https://www.ysl.com/fr-fr:0
[  628873ms] [WARNING] The resource https://s.go-mpulse.net/boomerang/K9JYF-NA9GU-K758U-APJ5Q-E7LPJ was preloaded using link preload but not used within a few seconds from the window's load event. Please make sure it has an appropriate `as` value and it is preloaded intentionally. @ https://www.ysl.com/fr-fr:0
[  632397ms] [WARNING] The resource https://s.go-mpulse.net/boomerang/K9JYF-NA9GU-K758U-APJ5Q-E7LPJ was preloaded using link preload but not used within a few seconds from the window's load event. Please make sure it has an appropriate `as` value and it is preloaded intentionally. @ https://www.ysl.com/fr-fr:0
[  635899ms] [WARNING] The resource https://s.go-mpulse.net/boomerang/K9JYF-NA9GU-K758U-APJ5Q-E7LPJ was preloaded using link preload but not used within a few seconds from the window's load event. Please make sure it has an appropriate `as` value and it is preloaded intentionally. @ https://www.ysl.com/fr-fr:0
[  639406ms] [WARNING] The resource https://s.go-mpulse.net/boomerang/K9JYF-NA9GU-K758U-APJ5Q-E7LPJ was preloaded using link preload but not used within a few seconds from the window's load event. Please make sure it has an appropriate `as` value and it is preloaded intentionally. @ https://www.ysl.com/fr-fr:0
[  642911ms] [WARNING] The resource https://s.go-mpulse.net/boomerang/K9JYF-NA9GU-K758U-APJ5Q-E7LPJ was preloaded using link preload but not used within a few seconds from the window's load event. Please make sure it has an appropriate `as` value and it is preloaded intentionally. @ https://www.ysl.com/fr-fr:0
[  646419ms] [WARNING] The resource https://s.go-mpulse.net/boomerang/K9JYF-NA9GU-K758U-APJ5Q-E7LPJ was preloaded using link preload but not used within a few seconds from the window's load event. Please make sure it has an appropriate `as` value and it is preloaded intentionally. @ https://www.ysl.com/fr-fr:0
[  649927ms] [WARNING] The resource https://s.go-mpulse.net/boomerang/K9JYF-NA9GU-K758U-APJ5Q-E7LPJ was preloaded using link preload but not used within a few seconds from the window's load event. Please make sure it has an appropriate `as` value and it is preloaded intentionally. @ https://www.ysl.com/fr-fr:0
[  653429ms] [WARNING] The resource https://s.go-mpulse.net/boomerang/K9JYF-NA9GU-K758U-APJ5Q-E7LPJ was preloaded using link preload but not used within a few seconds from the window's load event. Please make sure it has an appropriate `as` value and it is preloaded intentionally. @ https://www.ysl.com/fr-fr:0
[  656951ms] [WARNING] The resource https://s.go-mpulse.net/boomerang/K9JYF-NA9GU-K758U-APJ5Q-E7LPJ was preloaded using link preload but not used within a few seconds from the window's load event. Please make sure it has an appropriate `as` value and it is preloaded intentionally. @ https://www.ysl.com/fr-fr:0
[  660456ms] [WARNING] The resource https://s.go-mpulse.net/boomerang/K9JYF-NA9GU-K758U-APJ5Q-E7LPJ was preloaded using link preload but not used within a few seconds from the window's load event. Please make sure it has an appropriate `as` value and it is preloaded intentionally. @ https://www.ysl.com/fr-fr:0
[  663951ms] [WARNING] The resource https://s.go-mpulse.net/boomerang/K9JYF-NA9GU-K758U-APJ5Q-E7LPJ was preloaded using link preload but not used within a few seconds from the window's load event. Please make sure it has an appropriate `as` value and it is preloaded intentionally. @ https://www.ysl.com/fr-fr:0
[  667460ms] [WARNING] The resource https://s.go-mpulse.net/boomerang/K9JYF-NA9GU-K758U-APJ5Q-E7LPJ was preloaded using link preload but not used within a few seconds from the window's load event. Please make sure it has an appropriate `as` value and it is preloaded intentionally. @ https://www.ysl.com/fr-fr:0
[  670969ms] [WARNING] The resource https://s.go-mpulse.net/boomerang/K9JYF-NA9GU-K758U-APJ5Q-E7LPJ was preloaded using link preload but not used within a few seconds from the window's load event. Please make sure it has an appropriate `as` value and it is preloaded intentionally. @ https://www.ysl.com/fr-fr:0
[  674490ms] [WARNING] The resource https://s.go-mpulse.net/boomerang/K9JYF-NA9GU-K758U-APJ5Q-E7LPJ was preloaded using link preload but not used within a few seconds from the window's load event. Please make sure it has an appropriate `as` value and it is preloaded intentionally. @ https://www.ysl.com/fr-fr:0
[  677979ms] [WARNING] The resource https://s.go-mpulse.net/boomerang/K9JYF-NA9GU-K758U-APJ5Q-E7LPJ was preloaded using link preload but not used within a few seconds from the window's load event. Please make sure it has an appropriate `as` value and it is preloaded intentionally. @ https://www.ysl.com/fr-fr:0
[  681495ms] [WARNING] The resource https://s.go-mpulse.net/boomerang/K9JYF-NA9GU-K758U-APJ5Q-E7LPJ was preloaded using link preload but not used within a few seconds from the window's load event. Please make sure it has an appropriate `as` value and it is preloaded intentionally. @ https://www.ysl.com/fr-fr:0
[  685008ms] [WARNING] The resource https://s.go-mpulse.net/boomerang/K9JYF-NA9GU-K758U-APJ5Q-E7LPJ was preloaded using link preload but not used within a few seconds from the window's load event. Please make sure it has an appropriate `as` value and it is preloaded intentionally. @ https://www.ysl.com/fr-fr:0
[  688504ms] [WARNING] The resource https://s.go-mpulse.net/boomerang/K9JYF-NA9GU-K758U-APJ5Q-E7LPJ was preloaded using link preload but not used within a few seconds from the window's load event. Please make sure it has an appropriate `as` value and it is preloaded intentionally. @ https://www.ysl.com/fr-fr:0
[  692020ms] [WARNING] The resource https://s.go-mpulse.net/boomerang/K9JYF-NA9GU-K758U-APJ5Q-E7LPJ was preloaded using link preload but not used within a few seconds from the window's load event. Please make sure it has an appropriate `as` value and it is preloaded intentionally. @ https://www.ysl.com/fr-fr:0
[  695521ms] [WARNING] The resource https://s.go-mpulse.net/boomerang/K9JYF-NA9GU-K758U-APJ5Q-E7LPJ was preloaded using link preload but not used within a few seconds from the window's load event. Please make sure it has an appropriate `as` value and it is preloaded intentionally. @ https://www.ysl.com/fr-fr:0
[  699029ms] [WARNING] The resource https://s.go-mpulse.net/boomerang/K9JYF-NA9GU-K758U-APJ5Q-E7LPJ was preloaded using link preload but not used within a few seconds from the window's load event. Please make sure it has an appropriate `as` value and it is preloaded intentionally. @ https://www.ysl.com/fr-fr:0
[  702535ms] [WARNING] The resource https://s.go-mpulse.net/boomerang/K9JYF-NA9GU-K758U-APJ5Q-E7LPJ was preloaded using link preload but not used within a few seconds from the window's load event. Please make sure it has an appropriate `as` value and it is preloaded intentionally. @ https://www.ysl.com/fr-fr:0
[  706046ms] [WARNING] The resource https://s.go-mpulse.net/boomerang/K9JYF-NA9GU-K758U-APJ5Q-E7LPJ was preloaded using link preload but not used within a few seconds from the window's load event. Please make sure it has an appropriate `as` value and it is preloaded intentionally. @ https://www.ysl.com/fr-fr:0
[  709544ms] [WARNING] The resource https://s.go-mpulse.net/boomerang/K9JYF-NA9GU-K758U-APJ5Q-E7LPJ was preloaded using link preload but not used within a few seconds from the window's load event. Please make sure it has an appropriate `as` value and it is preloaded intentionally. @ https://www.ysl.com/fr-fr:0
[  713050ms] [WARNING] The resource https://s.go-mpulse.net/boomerang/K9JYF-NA9GU-K758U-APJ5Q-E7LPJ was preloaded using link preload but not used within a few seconds from the window's load event. Please make sure it has an appropriate `as` value and it is preloaded intentionally. @ https://www.ysl.com/fr-fr:0
[  716560ms] [WARNING] The resource https://s.go-mpulse.net/boomerang/K9JYF-NA9GU-K758U-APJ5Q-E7LPJ was preloaded using link preload but not used within a few seconds from the window's load event. Please make sure it has an appropriate `as` value and it is preloaded intentionally. @ https://www.ysl.com/fr-fr:0
[  720077ms] [WARNING] The resource https://s.go-mpulse.net/boomerang/K9JYF-NA9GU-K758U-APJ5Q-E7LPJ was preloaded using link preload but not used within a few seconds from the window's load event. Please make sure it has an appropriate `as` value and it is preloaded intentionally. @ https://www.ysl.com/fr-fr:0
[  724022ms] [WARNING] The resource https://s.go-mpulse.net/boomerang/K9JYF-NA9GU-K758U-APJ5Q-E7LPJ was preloaded using link preload but not used within a few seconds from the window's load event. Please make sure it has an appropriate `as` value and it is preloaded intentionally. @ https://www.ysl.com/fr-fr:0
[  727090ms] [WARNING] The resource https://s.go-mpulse.net/boomerang/K9JYF-NA9GU-K758U-APJ5Q-E7LPJ was preloaded using link preload but not used within a few seconds from the window's load event. Please make sure it has an appropriate `as` value and it is preloaded intentionally. @ https://www.ysl.com/fr-fr:0
[  730599ms] [WARNING] The resource https://s.go-mpulse.net/boomerang/K9JYF-NA9GU-K758U-APJ5Q-E7LPJ was preloaded using link preload but not used within a few seconds from the window's load event. Please make sure it has an appropriate `as` value and it is preloaded intentionally. @ https://www.ysl.com/fr-fr:0
[  734118ms] [WARNING] The resource https://s.go-mpulse.net/boomerang/K9JYF-NA9GU-K758U-APJ5Q-E7LPJ was preloaded using link preload but not used within a few seconds from the window's load event. Please make sure it has an appropriate `as` value and it is preloaded intentionally. @ https://www.ysl.com/fr-fr:0
[  737613ms] [WARNING] The resource https://s.go-mpulse.net/boomerang/K9JYF-NA9GU-K758U-APJ5Q-E7LPJ was preloaded using link preload but not used within a few seconds from the window's load event. Please make sure it has an appropriate `as` value and it is preloaded intentionally. @ https://www.ysl.com/fr-fr:0
[  741135ms] [WARNING] The resource https://s.go-mpulse.net/boomerang/K9JYF-NA9GU-K758U-APJ5Q-E7LPJ was preloaded using link preload but not used within a few seconds from the window's load event. Please make sure it has an appropriate `as` value and it is preloaded intentionally. @ https://www.ysl.com/fr-fr:0
[  744635ms] [WARNING] The resource https://s.go-mpulse.net/boomerang/K9JYF-NA9GU-K758U-APJ5Q-E7LPJ was preloaded using link preload but not used within a few seconds from the window's load event. Please make sure it has an appropriate `as` value and it is preloaded intentionally. @ https://www.ysl.com/fr-fr:0
[  748173ms] [WARNING] The resource https://s.go-mpulse.net/boomerang/K9JYF-NA9GU-K758U-APJ5Q-E7LPJ was preloaded using link preload but not used within a few seconds from the window's load event. Please make sure it has an appropriate `as` value and it is preloaded intentionally. @ https://www.ysl.com/fr-fr:0
[  751643ms] [WARNING] The resource https://s.go-mpulse.net/boomerang/K9JYF-NA9GU-K758U-APJ5Q-E7LPJ was preloaded using link preload but not used within a few seconds from the window's load event. Please make sure it has an appropriate `as` value and it is preloaded intentionally. @ https://www.ysl.com/fr-fr:0
[  755157ms] [WARNING] The resource https://s.go-mpulse.net/boomerang/K9JYF-NA9GU-K758U-APJ5Q-E7LPJ was preloaded using link preload but not used within a few seconds from the window's load event. Please make sure it has an appropriate `as` value and it is preloaded intentionally. @ https://www.ysl.com/fr-fr:0
[  758673ms] [WARNING] The resource https://s.go-mpulse.net/boomerang/K9JYF-NA9GU-K758U-APJ5Q-E7LPJ was preloaded using link preload but not used within a few seconds from the window's load event. Please make sure it has an appropriate `as` value and it is preloaded intentionally. @ https://www.ysl.com/fr-fr:0
[  762189ms] [WARNING] The resource https://s.go-mpulse.net/boomerang/K9JYF-NA9GU-K758U-APJ5Q-E7LPJ was preloaded using link preload but not used within a few seconds from the window's load event. Please make sure it has an appropriate `as` value and it is preloaded intentionally. @ https://www.ysl.com/fr-fr:0
[  765686ms] [WARNING] The resource https://s.go-mpulse.net/boomerang/K9JYF-NA9GU-K758U-APJ5Q-E7LPJ was preloaded using link preload but not used within a few seconds from the window's load event. Please make sure it has an appropriate `as` value and it is preloaded intentionally. @ https://www.ysl.com/fr-fr:0
[  769183ms] [WARNING] The resource https://s.go-mpulse.net/boomerang/K9JYF-NA9GU-K758U-APJ5Q-E7LPJ was preloaded using link preload but not used within a few seconds from the window's load event. Please make sure it has an appropriate `as` value and it is preloaded intentionally. @ https://www.ysl.com/fr-fr:0
[  772703ms] [WARNING] The resource https://s.go-mpulse.net/boomerang/K9JYF-NA9GU-K758U-APJ5Q-E7LPJ was preloaded using link preload but not used within a few seconds from the window's load event. Please make sure it has an appropriate `as` value and it is preloaded intentionally. @ https://www.ysl.com/fr-fr:0
[  776203ms] [WARNING] The resource https://s.go-mpulse.net/boomerang/K9JYF-NA9GU-K758U-APJ5Q-E7LPJ was preloaded using link preload but not used within a few seconds from the window's load event. Please make sure it has an appropriate `as` value and it is preloaded intentionally. @ https://www.ysl.com/fr-fr:0
[  779709ms] [WARNING] The resource https://s.go-mpulse.net/boomerang/K9JYF-NA9GU-K758U-APJ5Q-E7LPJ was preloaded using link preload but not used within a few seconds from the window's load event. Please make sure it has an appropriate `as` value and it is preloaded intentionally. @ https://www.ysl.com/fr-fr:0
[  783239ms] [WARNING] The resource https://s.go-mpulse.net/boomerang/K9JYF-NA9GU-K758U-APJ5Q-E7LPJ was preloaded using link preload but not used within a few seconds from the window's load event. Please make sure it has an appropriate `as` value and it is preloaded intentionally. @ https://www.ysl.com/fr-fr:0
[  786722ms] [WARNING] The resource https://s.go-mpulse.net/boomerang/K9JYF-NA9GU-K758U-APJ5Q-E7LPJ was preloaded using link preload but not used within a few seconds from the window's load event. Please make sure it has an appropriate `as` value and it is preloaded intentionally. @ https://www.ysl.com/fr-fr:0
[  790239ms] [WARNING] The resource https://s.go-mpulse.net/boomerang/K9JYF-NA9GU-K758U-APJ5Q-E7LPJ was preloaded using link preload but not used within a few seconds from the window's load event. Please make sure it has an appropriate `as` value and it is preloaded intentionally. @ https://www.ysl.com/fr-fr:0
[  793749ms] [WARNING] The resource https://s.go-mpulse.net/boomerang/K9JYF-NA9GU-K758U-APJ5Q-E7LPJ was preloaded using link preload but not used within a few seconds from the window's load event. Please make sure it has an appropriate `as` value and it is preloaded intentionally. @ https://www.ysl.com/fr-fr:0
[  797257ms] [WARNING] The resource https://s.go-mpulse.net/boomerang/K9JYF-NA9GU-K758U-APJ5Q-E7LPJ was preloaded using link preload but not used within a few seconds from the window's load event. Please make sure it has an appropriate `as` value and it is preloaded intentionally. @ https://www.ysl.com/fr-fr:0
[  800784ms] [WARNING] The resource https://s.go-mpulse.net/boomerang/K9JYF-NA9GU-K758U-APJ5Q-E7LPJ was preloaded using link preload but not used within a few seconds from the window's load event. Please make sure it has an appropriate `as` value and it is preloaded intentionally. @ https://www.ysl.com/fr-fr:0
[  804300ms] [WARNING] The resource https://s.go-mpulse.net/boomerang/K9JYF-NA9GU-K758U-APJ5Q-E7LPJ was preloaded using link preload but not used within a few seconds from the window's load event. Please make sure it has an appropriate `as` value and it is preloaded intentionally. @ https://www.ysl.com/fr-fr:0
[  807773ms] [WARNING] The resource https://s.go-mpulse.net/boomerang/K9JYF-NA9GU-K758U-APJ5Q-E7LPJ was preloaded using link preload but not used within a few seconds from the window's load event. Please make sure it has an appropriate `as` value and it is preloaded intentionally. @ https://www.ysl.com/fr-fr:0
[  811283ms] [WARNING] The resource https://s.go-mpulse.net/boomerang/K9JYF-NA9GU-K758U-APJ5Q-E7LPJ was preloaded using link preload but not used within a few seconds from the window's load event. Please make sure it has an appropriate `as` value and it is preloaded intentionally. @ https://www.ysl.com/fr-fr:0
[  814808ms] [WARNING] The resource https://s.go-mpulse.net/boomerang/K9JYF-NA9GU-K758U-APJ5Q-E7LPJ was preloaded using link preload but not used within a few seconds from the window's load event. Please make sure it has an appropriate `as` value and it is preloaded intentionally. @ https://www.ysl.com/fr-fr:0
[  818299ms] [WARNING] The resource https://s.go-mpulse.net/boomerang/K9JYF-NA9GU-K758U-APJ5Q-E7LPJ was preloaded using link preload but not used within a few seconds from the window's load event. Please make sure it has an appropriate `as` value and it is preloaded intentionally. @ https://www.ysl.com/fr-fr:0
[  821798ms] [WARNING] The resource https://s.go-mpulse.net/boomerang/K9JYF-NA9GU-K758U-APJ5Q-E7LPJ was preloaded using link preload but not used within a few seconds from the window's load event. Please make sure it has an appropriate `as` value and it is preloaded intentionally. @ https://www.ysl.com/fr-fr:0
[  825324ms] [WARNING] The resource https://s.go-mpulse.net/boomerang/K9JYF-NA9GU-K758U-APJ5Q-E7LPJ was preloaded using link preload but not used within a few seconds from the window's load event. Please make sure it has an appropriate `as` value and it is preloaded intentionally. @ https://www.ysl.com/fr-fr:0
[  828855ms] [WARNING] The resource https://s.go-mpulse.net/boomerang/K9JYF-NA9GU-K758U-APJ5Q-E7LPJ was preloaded using link preload but not used within a few seconds from the window's load event. Please make sure it has an appropriate `as` value and it is preloaded intentionally. @ https://www.ysl.com/fr-fr:0
[  832326ms] [WARNING] The resource https://s.go-mpulse.net/boomerang/K9JYF-NA9GU-K758U-APJ5Q-E7LPJ was preloaded using link preload but not used within a few seconds from the window's load event. Please make sure it has an appropriate `as` value and it is preloaded intentionally. @ https://www.ysl.com/fr-fr:0
[  835839ms] [WARNING] The resource https://s.go-mpulse.net/boomerang/K9JYF-NA9GU-K758U-APJ5Q-E7LPJ was preloaded using link preload but not used within a few seconds from the window's load event. Please make sure it has an appropriate `as` value and it is preloaded intentionally. @ https://www.ysl.com/fr-fr:0
[  839352ms] [WARNING] The resource https://s.go-mpulse.net/boomerang/K9JYF-NA9GU-K758U-APJ5Q-E7LPJ was preloaded using link preload but not used within a few seconds from the window's load event. Please make sure it has an appropriate `as` value and it is preloaded intentionally. @ https://www.ysl.com/fr-fr:0
[  842853ms] [WARNING] The resource https://s.go-mpulse.net/boomerang/K9JYF-NA9GU-K758U-APJ5Q-E7LPJ was preloaded using link preload but not used within a few seconds from the window's load event. Please make sure it has an appropriate `as` value and it is preloaded intentionally. @ https://www.ysl.com/fr-fr:0
[  846369ms] [WARNING] The resource https://s.go-mpulse.net/boomerang/K9JYF-NA9GU-K758U-APJ5Q-E7LPJ was preloaded using link preload but not used within a few seconds from the window's load event. Please make sure it has an appropriate `as` value and it is preloaded intentionally. @ https://www.ysl.com/fr-fr:0
[  849867ms] [WARNING] The resource https://s.go-mpulse.net/boomerang/K9JYF-NA9GU-K758U-APJ5Q-E7LPJ was preloaded using link preload but not used within a few seconds from the window's load event. Please make sure it has an appropriate `as` value and it is preloaded intentionally. @ https://www.ysl.com/fr-fr:0
[  853377ms] [WARNING] The resource https://s.go-mpulse.net/boomerang/K9JYF-NA9GU-K758U-APJ5Q-E7LPJ was preloaded using link preload but not used within a few seconds from the window's load event. Please make sure it has an appropriate `as` value and it is preloaded intentionally. @ https://www.ysl.com/fr-fr:0
[  856895ms] [WARNING] The resource https://s.go-mpulse.net/boomerang/K9JYF-NA9GU-K758U-APJ5Q-E7LPJ was preloaded using link preload but not used within a few seconds from the window's load event. Please make sure it has an appropriate `as` value and it is preloaded intentionally. @ https://www.ysl.com/fr-fr:0
[  860404ms] [WARNING] The resource https://s.go-mpulse.net/boomerang/K9JYF-NA9GU-K758U-APJ5Q-E7LPJ was preloaded using link preload but not used within a few seconds from the window's load event. Please make sure it has an appropriate `as` value and it is preloaded intentionally. @ https://www.ysl.com/fr-fr:0
[  863899ms] [WARNING] The resource https://s.go-mpulse.net/boomerang/K9JYF-NA9GU-K758U-APJ5Q-E7LPJ was preloaded using link preload but not used within a few seconds from the window's load event. Please make sure it has an appropriate `as` value and it is preloaded intentionally. @ https://www.ysl.com/fr-fr:0
[  867422ms] [WARNING] The resource https://s.go-mpulse.net/boomerang/K9JYF-NA9GU-K758U-APJ5Q-E7LPJ was preloaded using link preload but not used within a few seconds from the window's load event. Please make sure it has an appropriate `as` value and it is preloaded intentionally. @ https://www.ysl.com/fr-fr:0
[  870904ms] [WARNING] The resource https://s.go-mpulse.net/boomerang/K9JYF-NA9GU-K758U-APJ5Q-E7LPJ was preloaded using link preload but not used within a few seconds from the window's load event. Please make sure it has an appropriate `as` value and it is preloaded intentionally. @ https://www.ysl.com/fr-fr:0
[  874408ms] [WARNING] The resource https://s.go-mpulse.net/boomerang/K9JYF-NA9GU-K758U-APJ5Q-E7LPJ was preloaded using link preload but not used within a few seconds from the window's load event. Please make sure it has an appropriate `as` value and it is preloaded intentionally. @ https://www.ysl.com/fr-fr:0
[  877912ms] [WARNING] The resource https://s.go-mpulse.net/boomerang/K9JYF-NA9GU-K758U-APJ5Q-E7LPJ was preloaded using link preload but not used within a few seconds from the window's load event. Please make sure it has an appropriate `as` value and it is preloaded intentionally. @ https://www.ysl.com/fr-fr:0
[  881426ms] [WARNING] The resource https://s.go-mpulse.net/boomerang/K9JYF-NA9GU-K758U-APJ5Q-E7LPJ was preloaded using link preload but not used within a few seconds from the window's load event. Please make sure it has an appropriate `as` value and it is preloaded intentionally. @ https://www.ysl.com/fr-fr:0
[  884934ms] [WARNING] The resource https://s.go-mpulse.net/boomerang/K9JYF-NA9GU-K758U-APJ5Q-E7LPJ was preloaded using link preload but not used within a few seconds from the window's load event. Please make sure it has an appropriate `as` value and it is preloaded intentionally. @ https://www.ysl.com/fr-fr:0
[  888457ms] [WARNING] The resource https://s.go-mpulse.net/boomerang/K9JYF-NA9GU-K758U-APJ5Q-E7LPJ was preloaded using link preload but not used within a few seconds from the window's load event. Please make sure it has an appropriate `as` value and it is preloaded intentionally. @ https://www.ysl.com/fr-fr:0
[  891934ms] [WARNING] The resource https://s.go-mpulse.net/boomerang/K9JYF-NA9GU-K758U-APJ5Q-E7LPJ was preloaded using link preload but not used within a few seconds from the window's load event. Please make sure it has an appropriate `as` value and it is preloaded intentionally. @ https://www.ysl.com/fr-fr:0
[  895438ms] [WARNING] The resource https://s.go-mpulse.net/boomerang/K9JYF-NA9GU-K758U-APJ5Q-E7LPJ was preloaded using link preload but not used within a few seconds from the window's load event. Please make sure it has an appropriate `as` value and it is preloaded intentionally. @ https://www.ysl.com/fr-fr:0
[  898946ms] [WARNING] The resource https://s.go-mpulse.net/boomerang/K9JYF-NA9GU-K758U-APJ5Q-E7LPJ was preloaded using link preload but not used within a few seconds from the window's load event. Please make sure it has an appropriate `as` value and it is preloaded intentionally. @ https://www.ysl.com/fr-fr:0
[  905958ms] [WARNING] The resource https://s.go-mpulse.net/boomerang/K9JYF-NA9GU-K758U-APJ5Q-E7LPJ was preloaded using link preload but not used within a few seconds from the window's load event. Please make sure it has an appropriate `as` value and it is preloaded intentionally. @ https://www.ysl.com/fr-fr:0
[  909458ms] [WARNING] The resource https://s.go-mpulse.net/boomerang/K9JYF-NA9GU-K758U-APJ5Q-E7LPJ was preloaded using link preload but not used within a few seconds from the window's load event. Please make sure it has an appropriate `as` value and it is preloaded intentionally. @ https://www.ysl.com/fr-fr:0
[  912961ms] [WARNING] The resource https://s.go-mpulse.net/boomerang/K9JYF-NA9GU-K758U-APJ5Q-E7LPJ was preloaded using link preload but not used within a few seconds from the window's load event. Please make sure it has an appropriate `as` value and it is preloaded intentionally. @ https://www.ysl.com/fr-fr:0
[  916465ms] [WARNING] The resource https://s.go-mpulse.net/boomerang/K9JYF-NA9GU-K758U-APJ5Q-E7LPJ was preloaded using link preload but not used within a few seconds from the window's load event. Please make sure it has an appropriate `as` value and it is preloaded intentionally. @ https://www.ysl.com/fr-fr:0
[  919991ms] [WARNING] The resource https://s.go-mpulse.net/boomerang/K9JYF-NA9GU-K758U-APJ5Q-E7LPJ was preloaded using link preload but not used within a few seconds from the window's load event. Please make sure it has an appropriate `as` value and it is preloaded intentionally. @ https://www.ysl.com/fr-fr:0
[  923505ms] [WARNING] The resource https://s.go-mpulse.net/boomerang/K9JYF-NA9GU-K758U-APJ5Q-E7LPJ was preloaded using link preload but not used within a few seconds from the window's load event. Please make sure it has an appropriate `as` value and it is preloaded intentionally. @ https://www.ysl.com/fr-fr:0
[  926987ms] [WARNING] The resource https://s.go-mpulse.net/boomerang/K9JYF-NA9GU-K758U-APJ5Q-E7LPJ was preloaded using link preload but not used within a few seconds from the window's load event. Please make sure it has an appropriate `as` value and it is preloaded intentionally. @ https://www.ysl.com/fr-fr:0
[  930505ms] [WARNING] The resource https://s.go-mpulse.net/boomerang/K9JYF-NA9GU-K758U-APJ5Q-E7LPJ was preloaded using link preload but not used within a few seconds from the window's load event. Please make sure it has an appropriate `as` value and it is preloaded intentionally. @ https://www.ysl.com/fr-fr:0
[  934022ms] [WARNING] The resource https://s.go-mpulse.net/boomerang/K9JYF-NA9GU-K758U-APJ5Q-E7LPJ was preloaded using link preload but not used within a few seconds from the window's load event. Please make sure it has an appropriate `as` value and it is preloaded intentionally. @ https://www.ysl.com/fr-fr:0
[  937550ms] [WARNING] The resource https://s.go-mpulse.net/boomerang/K9JYF-NA9GU-K758U-APJ5Q-E7LPJ was preloaded using link preload but not used within a few seconds from the window's load event. Please make sure it has an appropriate `as` value and it is preloaded intentionally. @ https://www.ysl.com/fr-fr:0
[  941059ms] [WARNING] The resource https://s.go-mpulse.net/boomerang/K9JYF-NA9GU-K758U-APJ5Q-E7LPJ was preloaded using link preload but not used within a few seconds from the window's load event. Please make sure it has an appropriate `as` value and it is preloaded intentionally. @ https://www.ysl.com/fr-fr:0
[  944520ms] [WARNING] The resource https://s.go-mpulse.net/boomerang/K9JYF-NA9GU-K758U-APJ5Q-E7LPJ was preloaded using link preload but not used within a few seconds from the window's load event. Please make sure it has an appropriate `as` value and it is preloaded intentionally. @ https://www.ysl.com/fr-fr:0
[  948047ms] [WARNING] The resource https://s.go-mpulse.net/boomerang/K9JYF-NA9GU-K758U-APJ5Q-E7LPJ was preloaded using link preload but not used within a few seconds from the window's load event. Please make sure it has an appropriate `as` value and it is preloaded intentionally. @ https://www.ysl.com/fr-fr:0
[  951536ms] [WARNING] The resource https://s.go-mpulse.net/boomerang/K9JYF-NA9GU-K758U-APJ5Q-E7LPJ was preloaded using link preload but not used within a few seconds from the window's load event. Please make sure it has an appropriate `as` value and it is preloaded intentionally. @ https://www.ysl.com/fr-fr:0
[  955051ms] [WARNING] The resource https://s.go-mpulse.net/boomerang/K9JYF-NA9GU-K758U-APJ5Q-E7LPJ was preloaded using link preload but not used within a few seconds from the window's load event. Please make sure it has an appropriate `as` value and it is preloaded intentionally. @ https://www.ysl.com/fr-fr:0
[  958562ms] [WARNING] The resource https://s.go-mpulse.net/boomerang/K9JYF-NA9GU-K758U-APJ5Q-E7LPJ was preloaded using link preload but not used within a few seconds from the window's load event. Please make sure it has an appropriate `as` value and it is preloaded intentionally. @ https://www.ysl.com/fr-fr:0
[  962087ms] [WARNING] The resource https://s.go-mpulse.net/boomerang/K9JYF-NA9GU-K758U-APJ5Q-E7LPJ was preloaded using link preload but not used within a few seconds from the window's load event. Please make sure it has an appropriate `as` value and it is preloaded intentionally. @ https://www.ysl.com/fr-fr:0
[  965586ms] [WARNING] The resource https://s.go-mpulse.net/boomerang/K9JYF-NA9GU-K758U-APJ5Q-E7LPJ was preloaded using link preload but not used within a few seconds from the window's load event. Please make sure it has an appropriate `as` value and it is preloaded intentionally. @ https://www.ysl.com/fr-fr:0
[  969113ms] [WARNING] The resource https://s.go-mpulse.net/boomerang/K9JYF-NA9GU-K758U-APJ5Q-E7LPJ was preloaded using link preload but not used within a few seconds from the window's load event. Please make sure it has an appropriate `as` value and it is preloaded intentionally. @ https://www.ysl.com/fr-fr:0
[  972609ms] [WARNING] The resource https://s.go-mpulse.net/boomerang/K9JYF-NA9GU-K758U-APJ5Q-E7LPJ was preloaded using link preload but not used within a few seconds from the window's load event. Please make sure it has an appropriate `as` value and it is preloaded intentionally. @ https://www.ysl.com/fr-fr:0
[  976118ms] [WARNING] The resource https://s.go-mpulse.net/boomerang/K9JYF-NA9GU-K758U-APJ5Q-E7LPJ was preloaded using link preload but not used within a few seconds from the window's load event. Please make sure it has an appropriate `as` value and it is preloaded intentionally. @ https://www.ysl.com/fr-fr:0
[  979625ms] [WARNING] The resource https://s.go-mpulse.net/boomerang/K9JYF-NA9GU-K758U-APJ5Q-E7LPJ was preloaded using link preload but not used within a few seconds from the window's load event. Please make sure it has an appropriate `as` value and it is preloaded intentionally. @ https://www.ysl.com/fr-fr:0
[  983145ms] [WARNING] The resource https://s.go-mpulse.net/boomerang/K9JYF-NA9GU-K758U-APJ5Q-E7LPJ was preloaded using link preload but not used within a few seconds from the window's load event. Please make sure it has an appropriate `as` value and it is preloaded intentionally. @ https://www.ysl.com/fr-fr:0
[  986651ms] [WARNING] The resource https://s.go-mpulse.net/boomerang/K9JYF-NA9GU-K758U-APJ5Q-E7LPJ was preloaded using link preload but not used within a few seconds from the window's load event. Please make sure it has an appropriate `as` value and it is preloaded intentionally. @ https://www.ysl.com/fr-fr:0
[  990148ms] [WARNING] The resource https://s.go-mpulse.net/boomerang/K9JYF-NA9GU-K758U-APJ5Q-E7LPJ was preloaded using link preload but not used within a few seconds from the window's load event. Please make sure it has an appropriate `as` value and it is preloaded intentionally. @ https://www.ysl.com/fr-fr:0
[  993659ms] [WARNING] The resource https://s.go-mpulse.net/boomerang/K9JYF-NA9GU-K758U-APJ5Q-E7LPJ was preloaded using link preload but not used within a few seconds from the window's load event. Please make sure it has an appropriate `as` value and it is preloaded intentionally. @ https://www.ysl.com/fr-fr:0
[  997170ms] [WARNING] The resource https://s.go-mpulse.net/boomerang/K9JYF-NA9GU-K758U-APJ5Q-E7LPJ was preloaded using link preload but not used within a few seconds from the window's load event. Please make sure it has an appropriate `as` value and it is preloaded intentionally. @ https://www.ysl.com/fr-fr:0
[ 1000671ms] [WARNING] The resource https://s.go-mpulse.net/boomerang/K9JYF-NA9GU-K758U-APJ5Q-E7LPJ was preloaded using link preload but not used within a few seconds from the window's load event. Please make sure it has an appropriate `as` value and it is preloaded intentionally. @ https://www.ysl.com/fr-fr:0
[ 1004173ms] [WARNING] The resource https://s.go-mpulse.net/boomerang/K9JYF-NA9GU-K758U-APJ5Q-E7LPJ was preloaded using link preload but not used within a few seconds from the window's load event. Please make sure it has an appropriate `as` value and it is preloaded intentionally. @ https://www.ysl.com/fr-fr:0
[ 1007693ms] [WARNING] The resource https://s.go-mpulse.net/boomerang/K9JYF-NA9GU-K758U-APJ5Q-E7LPJ was preloaded using link preload but not used within a few seconds from the window's load event. Please make sure it has an appropriate `as` value and it is preloaded intentionally. @ https://www.ysl.com/fr-fr:0
[ 1011199ms] [WARNING] The resource https://s.go-mpulse.net/boomerang/K9JYF-NA9GU-K758U-APJ5Q-E7LPJ was preloaded using link preload but not used within a few seconds from the window's load event. Please make sure it has an appropriate `as` value and it is preloaded intentionally. @ https://www.ysl.com/fr-fr:0
[ 1014702ms] [WARNING] The resource https://s.go-mpulse.net/boomerang/K9JYF-NA9GU-K758U-APJ5Q-E7LPJ was preloaded using link preload but not used within a few seconds from the window's load event. Please make sure it has an appropriate `as` value and it is preloaded intentionally. @ https://www.ysl.com/fr-fr:0
[ 1018220ms] [WARNING] The resource https://s.go-mpulse.net/boomerang/K9JYF-NA9GU-K758U-APJ5Q-E7LPJ was preloaded using link preload but not used within a few seconds from the window's load event. Please make sure it has an appropriate `as` value and it is preloaded intentionally. @ https://www.ysl.com/fr-fr:0
[ 1021724ms] [WARNING] The resource https://s.go-mpulse.net/boomerang/K9JYF-NA9GU-K758U-APJ5Q-E7LPJ was preloaded using link preload but not used within a few seconds from the window's load event. Please make sure it has an appropriate `as` value and it is preloaded intentionally. @ https://www.ysl.com/fr-fr:0
[ 1025244ms] [WARNING] The resource https://s.go-mpulse.net/boomerang/K9JYF-NA9GU-K758U-APJ5Q-E7LPJ was preloaded using link preload but not used within a few seconds from the window's load event. Please make sure it has an appropriate `as` value and it is preloaded intentionally. @ https://www.ysl.com/fr-fr:0
[ 1028736ms] [WARNING] The resource https://s.go-mpulse.net/boomerang/K9JYF-NA9GU-K758U-APJ5Q-E7LPJ was preloaded using link preload but not used within a few seconds from the window's load event. Please make sure it has an appropriate `as` value and it is preloaded intentionally. @ https://www.ysl.com/fr-fr:0
[ 1032247ms] [WARNING] The resource https://s.go-mpulse.net/boomerang/K9JYF-NA9GU-K758U-APJ5Q-E7LPJ was preloaded using link preload but not used within a few seconds from the window's load event. Please make sure it has an appropriate `as` value and it is preloaded intentionally. @ https://www.ysl.com/fr-fr:0
[ 1035752ms] [WARNING] The resource https://s.go-mpulse.net/boomerang/K9JYF-NA9GU-K758U-APJ5Q-E7LPJ was preloaded using link preload but not used within a few seconds from the window's load event. Please make sure it has an appropriate `as` value and it is preloaded intentionally. @ https://www.ysl.com/fr-fr:0
[ 1039258ms] [WARNING] The resource https://s.go-mpulse.net/boomerang/K9JYF-NA9GU-K758U-APJ5Q-E7LPJ was preloaded using link preload but not used within a few seconds from the window's load event. Please make sure it has an appropriate `as` value and it is preloaded intentionally. @ https://www.ysl.com/fr-fr:0
[ 1042760ms] [WARNING] The resource https://s.go-mpulse.net/boomerang/K9JYF-NA9GU-K758U-APJ5Q-E7LPJ was preloaded using link preload but not used within a few seconds from the window's load event. Please make sure it has an appropriate `as` value and it is preloaded intentionally. @ https://www.ysl.com/fr-fr:0
[ 1046282ms] [WARNING] The resource https://s.go-mpulse.net/boomerang/K9JYF-NA9GU-K758U-APJ5Q-E7LPJ was preloaded using link preload but not used within a few seconds from the window's load event. Please make sure it has an appropriate `as` value and it is preloaded intentionally. @ https://www.ysl.com/fr-fr:0
[ 1049814ms] [WARNING] The resource https://s.go-mpulse.net/boomerang/K9JYF-NA9GU-K758U-APJ5Q-E7LPJ was preloaded using link preload but not used within a few seconds from the window's load event. Please make sure it has an appropriate `as` value and it is preloaded intentionally. @ https://www.ysl.com/fr-fr:0
[ 1053300ms] [WARNING] The resource https://s.go-mpulse.net/boomerang/K9JYF-NA9GU-K758U-APJ5Q-E7LPJ was preloaded using link preload but not used within a few seconds from the window's load event. Please make sure it has an appropriate `as` value and it is preloaded intentionally. @ https://www.ysl.com/fr-fr:0
[ 1056807ms] [WARNING] The resource https://s.go-mpulse.net/boomerang/K9JYF-NA9GU-K758U-APJ5Q-E7LPJ was preloaded using link preload but not used within a few seconds from the window's load event. Please make sure it has an appropriate `as` value and it is preloaded intentionally. @ https://www.ysl.com/fr-fr:0
[ 1060327ms] [WARNING] The resource https://s.go-mpulse.net/boomerang/K9JYF-NA9GU-K758U-APJ5Q-E7LPJ was preloaded using link preload but not used within a few seconds from the window's load event. Please make sure it has an appropriate `as` value and it is preloaded intentionally. @ https://www.ysl.com/fr-fr:0
[ 1063821ms] [WARNING] The resource https://s.go-mpulse.net/boomerang/K9JYF-NA9GU-K758U-APJ5Q-E7LPJ was preloaded using link preload but not used within a few seconds from the window's load event. Please make sure it has an appropriate `as` value and it is preloaded intentionally. @ https://www.ysl.com/fr-fr:0
[ 1067336ms] [WARNING] The resource https://s.go-mpulse.net/boomerang/K9JYF-NA9GU-K758U-APJ5Q-E7LPJ was preloaded using link preload but not used within a few seconds from the window's load event. Please make sure it has an appropriate `as` value and it is preloaded intentionally. @ https://www.ysl.com/fr-fr:0
[ 1070829ms] [WARNING] The resource https://s.go-mpulse.net/boomerang/K9JYF-NA9GU-K758U-APJ5Q-E7LPJ was preloaded using link preload but not used within a few seconds from the window's load event. Please make sure it has an appropriate `as` value and it is preloaded intentionally. @ https://www.ysl.com/fr-fr:0
[ 1074336ms] [WARNING] The resource https://s.go-mpulse.net/boomerang/K9JYF-NA9GU-K758U-APJ5Q-E7LPJ was preloaded using link preload but not used within a few seconds from the window's load event. Please make sure it has an appropriate `as` value and it is preloaded intentionally. @ https://www.ysl.com/fr-fr:0
[ 1077875ms] [WARNING] The resource https://s.go-mpulse.net/boomerang/K9JYF-NA9GU-K758U-APJ5Q-E7LPJ was preloaded using link preload but not used within a few seconds from the window's load event. Please make sure it has an appropriate `as` value and it is preloaded intentionally. @ https://www.ysl.com/fr-fr:0
[ 1084848ms] [WARNING] The resource https://s.go-mpulse.net/boomerang/K9JYF-NA9GU-K758U-APJ5Q-E7LPJ was preloaded using link preload but not used within a few seconds from the window's load event. Please make sure it has an appropriate `as` value and it is preloaded intentionally. @ https://www.ysl.com/fr-fr:0
[ 1088350ms] [WARNING] The resource https://s.go-mpulse.net/boomerang/K9JYF-NA9GU-K758U-APJ5Q-E7LPJ was preloaded using link preload but not used within a few seconds from the window's load event. Please make sure it has an appropriate `as` value and it is preloaded intentionally. @ https://www.ysl.com/fr-fr:0
[ 1091853ms] [WARNING] The resource https://s.go-mpulse.net/boomerang/K9JYF-NA9GU-K758U-APJ5Q-E7LPJ was preloaded using link preload but not used within a few seconds from the window's load event. Please make sure it has an appropriate `as` value and it is preloaded intentionally. @ https://www.ysl.com/fr-fr:0
[ 1095382ms] [WARNING] The resource https://s.go-mpulse.net/boomerang/K9JYF-NA9GU-K758U-APJ5Q-E7LPJ was preloaded using link preload but not used within a few seconds from the window's load event. Please make sure it has an appropriate `as` value and it is preloaded intentionally. @ https://www.ysl.com/fr-fr:0
[ 1098913ms] [WARNING] The resource https://s.go-mpulse.net/boomerang/K9JYF-NA9GU-K758U-APJ5Q-E7LPJ was preloaded using link preload but not used within a few seconds from the window's load event. Please make sure it has an appropriate `as` value and it is preloaded intentionally. @ https://www.ysl.com/fr-fr:0
[ 1102381ms] [WARNING] The resource https://s.go-mpulse.net/boomerang/K9JYF-NA9GU-K758U-APJ5Q-E7LPJ was preloaded using link preload but not used within a few seconds from the window's load event. Please make sure it has an appropriate `as` value and it is preloaded intentionally. @ https://www.ysl.com/fr-fr:0
[ 1105889ms] [WARNING] The resource https://s.go-mpulse.net/boomerang/K9JYF-NA9GU-K758U-APJ5Q-E7LPJ was preloaded using link preload but not used within a few seconds from the window's load event. Please make sure it has an appropriate `as` value and it is preloaded intentionally. @ https://www.ysl.com/fr-fr:0
[ 1109403ms] [WARNING] The resource https://s.go-mpulse.net/boomerang/K9JYF-NA9GU-K758U-APJ5Q-E7LPJ was preloaded using link preload but not used within a few seconds from the window's load event. Please make sure it has an appropriate `as` value and it is preloaded intentionally. @ https://www.ysl.com/fr-fr:0
[ 1112916ms] [WARNING] The resource https://s.go-mpulse.net/boomerang/K9JYF-NA9GU-K758U-APJ5Q-E7LPJ was preloaded using link preload but not used within a few seconds from the window's load event. Please make sure it has an appropriate `as` value and it is preloaded intentionally. @ https://www.ysl.com/fr-fr:0
[ 1116412ms] [WARNING] The resource https://s.go-mpulse.net/boomerang/K9JYF-NA9GU-K758U-APJ5Q-E7LPJ was preloaded using link preload but not used within a few seconds from the window's load event. Please make sure it has an appropriate `as` value and it is preloaded intentionally. @ https://www.ysl.com/fr-fr:0
[ 1119907ms] [WARNING] The resource https://s.go-mpulse.net/boomerang/K9JYF-NA9GU-K758U-APJ5Q-E7LPJ was preloaded using link preload but not used within a few seconds from the window's load event. Please make sure it has an appropriate `as` value and it is preloaded intentionally. @ https://www.ysl.com/fr-fr:0
[ 1123416ms] [WARNING] The resource https://s.go-mpulse.net/boomerang/K9JYF-NA9GU-K758U-APJ5Q-E7LPJ was preloaded using link preload but not used within a few seconds from the window's load event. Please make sure it has an appropriate `as` value and it is preloaded intentionally. @ https://www.ysl.com/fr-fr:0
[ 1126933ms] [WARNING] The resource https://s.go-mpulse.net/boomerang/K9JYF-NA9GU-K758U-APJ5Q-E7LPJ was preloaded using link preload but not used within a few seconds from the window's load event. Please make sure it has an appropriate `as` value and it is preloaded intentionally. @ https://www.ysl.com/fr-fr:0
[ 1130445ms] [WARNING] The resource https://s.go-mpulse.net/boomerang/K9JYF-NA9GU-K758U-APJ5Q-E7LPJ was preloaded using link preload but not used within a few seconds from the window's load event. Please make sure it has an appropriate `as` value and it is preloaded intentionally. @ https://www.ysl.com/fr-fr:0
[ 1133950ms] [WARNING] The resource https://s.go-mpulse.net/boomerang/K9JYF-NA9GU-K758U-APJ5Q-E7LPJ was preloaded using link preload but not used within a few seconds from the window's load event. Please make sure it has an appropriate `as` value and it is preloaded intentionally. @ https://www.ysl.com/fr-fr:0
[ 1137453ms] [WARNING] The resource https://s.go-mpulse.net/boomerang/K9JYF-NA9GU-K758U-APJ5Q-E7LPJ was preloaded using link preload but not used within a few seconds from the window's load event. Please make sure it has an appropriate `as` value and it is preloaded intentionally. @ https://www.ysl.com/fr-fr:0
[ 1140963ms] [WARNING] The resource https://s.go-mpulse.net/boomerang/K9JYF-NA9GU-K758U-APJ5Q-E7LPJ was preloaded using link preload but not used within a few seconds from the window's load event. Please make sure it has an appropriate `as` value and it is preloaded intentionally. @ https://www.ysl.com/fr-fr:0
[ 1144471ms] [WARNING] The resource https://s.go-mpulse.net/boomerang/K9JYF-NA9GU-K758U-APJ5Q-E7LPJ was preloaded using link preload but not used within a few seconds from the window's load event. Please make sure it has an appropriate `as` value and it is preloaded intentionally. @ https://www.ysl.com/fr-fr:0
[ 1147996ms] [WARNING] The resource https://s.go-mpulse.net/boomerang/K9JYF-NA9GU-K758U-APJ5Q-E7LPJ was preloaded using link preload but not used within a few seconds from the window's load event. Please make sure it has an appropriate `as` value and it is preloaded intentionally. @ https://www.ysl.com/fr-fr:0
[ 1151479ms] [WARNING] The resource https://s.go-mpulse.net/boomerang/K9JYF-NA9GU-K758U-APJ5Q-E7LPJ was preloaded using link preload but not used within a few seconds from the window's load event. Please make sure it has an appropriate `as` value and it is preloaded intentionally. @ https://www.ysl.com/fr-fr:0
[ 1155002ms] [WARNING] The resource https://s.go-mpulse.net/boomerang/K9JYF-NA9GU-K758U-APJ5Q-E7LPJ was preloaded using link preload but not used within a few seconds from the window's load event. Please make sure it has an appropriate `as` value and it is preloaded intentionally. @ https://www.ysl.com/fr-fr:0
[ 1158509ms] [WARNING] The resource https://s.go-mpulse.net/boomerang/K9JYF-NA9GU-K758U-APJ5Q-E7LPJ was preloaded using link preload but not used within a few seconds from the window's load event. Please make sure it has an appropriate `as` value and it is preloaded intentionally. @ https://www.ysl.com/fr-fr:0
[ 1162020ms] [WARNING] The resource https://s.go-mpulse.net/boomerang/K9JYF-NA9GU-K758U-APJ5Q-E7LPJ was preloaded using link preload but not used within a few seconds from the window's load event. Please make sure it has an appropriate `as` value and it is preloaded intentionally. @ https://www.ysl.com/fr-fr:0
[ 1165512ms] [WARNING] The resource https://s.go-mpulse.net/boomerang/K9JYF-NA9GU-K758U-APJ5Q-E7LPJ was preloaded using link preload but not used within a few seconds from the window's load event. Please make sure it has an appropriate `as` value and it is preloaded intentionally. @ https://www.ysl.com/fr-fr:0
[ 1169023ms] [WARNING] The resource https://s.go-mpulse.net/boomerang/K9JYF-NA9GU-K758U-APJ5Q-E7LPJ was preloaded using link preload but not used within a few seconds from the window's load event. Please make sure it has an appropriate `as` value and it is preloaded intentionally. @ https://www.ysl.com/fr-fr:0
[ 1172530ms] [WARNING] The resource https://s.go-mpulse.net/boomerang/K9JYF-NA9GU-K758U-APJ5Q-E7LPJ was preloaded using link preload but not used within a few seconds from the window's load event. Please make sure it has an appropriate `as` value and it is preloaded intentionally. @ https://www.ysl.com/fr-fr:0
[ 1176047ms] [WARNING] The resource https://s.go-mpulse.net/boomerang/K9JYF-NA9GU-K758U-APJ5Q-E7LPJ was preloaded using link preload but not used within a few seconds from the window's load event. Please make sure it has an appropriate `as` value and it is preloaded intentionally. @ https://www.ysl.com/fr-fr:0
[ 1179557ms] [WARNING] The resource https://s.go-mpulse.net/boomerang/K9JYF-NA9GU-K758U-APJ5Q-E7LPJ was preloaded using link preload but not used within a few seconds from the window's load event. Please make sure it has an appropriate `as` value and it is preloaded intentionally. @ https://www.ysl.com/fr-fr:0
[ 1183078ms] [WARNING] The resource https://s.go-mpulse.net/boomerang/K9JYF-NA9GU-K758U-APJ5Q-E7LPJ was preloaded using link preload but not used within a few seconds from the window's load event. Please make sure it has an appropriate `as` value and it is preloaded intentionally. @ https://www.ysl.com/fr-fr:0
[ 1186558ms] [WARNING] The resource https://s.go-mpulse.net/boomerang/K9JYF-NA9GU-K758U-APJ5Q-E7LPJ was preloaded using link preload but not used within a few seconds from the window's load event. Please make sure it has an appropriate `as` value and it is preloaded intentionally. @ https://www.ysl.com/fr-fr:0
[ 1190086ms] [WARNING] The resource https://s.go-mpulse.net/boomerang/K9JYF-NA9GU-K758U-APJ5Q-E7LPJ was preloaded using link preload but not used within a few seconds from the window's load event. Please make sure it has an appropriate `as` value and it is preloaded intentionally. @ https://www.ysl.com/fr-fr:0
[ 1193571ms] [WARNING] The resource https://s.go-mpulse.net/boomerang/K9JYF-NA9GU-K758U-APJ5Q-E7LPJ was preloaded using link preload but not used within a few seconds from the window's load event. Please make sure it has an appropriate `as` value and it is preloaded intentionally. @ https://www.ysl.com/fr-fr:0
[ 1197125ms] [WARNING] The resource https://s.go-mpulse.net/boomerang/K9JYF-NA9GU-K758U-APJ5Q-E7LPJ was preloaded using link preload but not used within a few seconds from the window's load event. Please make sure it has an appropriate `as` value and it is preloaded intentionally. @ https://www.ysl.com/fr-fr:0
[ 1200607ms] [WARNING] The resource https://s.go-mpulse.net/boomerang/K9JYF-NA9GU-K758U-APJ5Q-E7LPJ was preloaded using link preload but not used within a few seconds from the window's load event. Please make sure it has an appropriate `as` value and it is preloaded intentionally. @ https://www.ysl.com/fr-fr:0
[ 1204112ms] [WARNING] The resource https://s.go-mpulse.net/boomerang/K9JYF-NA9GU-K758U-APJ5Q-E7LPJ was preloaded using link preload but not used within a few seconds from the window's load event. Please make sure it has an appropriate `as` value and it is preloaded intentionally. @ https://www.ysl.com/fr-fr:0
[ 1207624ms] [WARNING] The resource https://s.go-mpulse.net/boomerang/K9JYF-NA9GU-K758U-APJ5Q-E7LPJ was preloaded using link preload but not used within a few seconds from the window's load event. Please make sure it has an appropriate `as` value and it is preloaded intentionally. @ https://www.ysl.com/fr-fr:0
[ 1211179ms] [WARNING] The resource https://s.go-mpulse.net/boomerang/K9JYF-NA9GU-K758U-APJ5Q-E7LPJ was preloaded using link preload but not used within a few seconds from the window's load event. Please make sure it has an appropriate `as` value and it is preloaded intentionally. @ https://www.ysl.com/fr-fr:0
[ 1214640ms] [WARNING] The resource https://s.go-mpulse.net/boomerang/K9JYF-NA9GU-K758U-APJ5Q-E7LPJ was preloaded using link preload but not used within a few seconds from the window's load event. Please make sure it has an appropriate `as` value and it is preloaded intentionally. @ https://www.ysl.com/fr-fr:0
[ 1218140ms] [WARNING] The resource https://s.go-mpulse.net/boomerang/K9JYF-NA9GU-K758U-APJ5Q-E7LPJ was preloaded using link preload but not used within a few seconds from the window's load event. Please make sure it has an appropriate `as` value and it is preloaded intentionally. @ https://www.ysl.com/fr-fr:0
[ 1221653ms] [WARNING] The resource https://s.go-mpulse.net/boomerang/K9JYF-NA9GU-K758U-APJ5Q-E7LPJ was preloaded using link preload but not used within a few seconds from the window's load event. Please make sure it has an appropriate `as` value and it is preloaded intentionally. @ https://www.ysl.com/fr-fr:0
[ 1225160ms] [WARNING] The resource https://s.go-mpulse.net/boomerang/K9JYF-NA9GU-K758U-APJ5Q-E7LPJ was preloaded using link preload but not used within a few seconds from the window's load event. Please make sure it has an appropriate `as` value and it is preloaded intentionally. @ https://www.ysl.com/fr-fr:0
[ 1228674ms] [WARNING] The resource https://s.go-mpulse.net/boomerang/K9JYF-NA9GU-K758U-APJ5Q-E7LPJ was preloaded using link preload but not used within a few seconds from the window's load event. Please make sure it has an appropriate `as` value and it is preloaded intentionally. @ https://www.ysl.com/fr-fr:0
[ 1232181ms] [WARNING] The resource https://s.go-mpulse.net/boomerang/K9JYF-NA9GU-K758U-APJ5Q-E7LPJ was preloaded using link preload but not used within a few seconds from the window's load event. Please make sure it has an appropriate `as` value and it is preloaded intentionally. @ https://www.ysl.com/fr-fr:0
[ 1235696ms] [WARNING] The resource https://s.go-mpulse.net/boomerang/K9JYF-NA9GU-K758U-APJ5Q-E7LPJ was preloaded using link preload but not used within a few seconds from the window's load event. Please make sure it has an appropriate `as` value and it is preloaded intentionally. @ https://www.ysl.com/fr-fr:0
[ 1239336ms] [WARNING] The resource https://s.go-mpulse.net/boomerang/K9JYF-NA9GU-K758U-APJ5Q-E7LPJ was preloaded using link preload but not used within a few seconds from the window's load event. Please make sure it has an appropriate `as` value and it is preloaded intentionally. @ https://www.ysl.com/fr-fr:0
[ 1242707ms] [WARNING] The resource https://s.go-mpulse.net/boomerang/K9JYF-NA9GU-K758U-APJ5Q-E7LPJ was preloaded using link preload but not used within a few seconds from the window's load event. Please make sure it has an appropriate `as` value and it is preloaded intentionally. @ https://www.ysl.com/fr-fr:0
[ 1246208ms] [WARNING] The resource https://s.go-mpulse.net/boomerang/K9JYF-NA9GU-K758U-APJ5Q-E7LPJ was preloaded using link preload but not used within a few seconds from the window's load event. Please make sure it has an appropriate `as` value and it is preloaded intentionally. @ https://www.ysl.com/fr-fr:0
[ 1249726ms] [WARNING] The resource https://s.go-mpulse.net/boomerang/K9JYF-NA9GU-K758U-APJ5Q-E7LPJ was preloaded using link preload but not used within a few seconds from the window's load event. Please make sure it has an appropriate `as` value and it is preloaded intentionally. @ https://www.ysl.com/fr-fr:0
[ 1253241ms] [WARNING] The resource https://s.go-mpulse.net/boomerang/K9JYF-NA9GU-K758U-APJ5Q-E7LPJ was preloaded using link preload but not used within a few seconds from the window's load event. Please make sure it has an appropriate `as` value and it is preloaded intentionally. @ https://www.ysl.com/fr-fr:0
[ 1256782ms] [WARNING] The resource https://s.go-mpulse.net/boomerang/K9JYF-NA9GU-K758U-APJ5Q-E7LPJ was preloaded using link preload but not used within a few seconds from the window's load event. Please make sure it has an appropriate `as` value and it is preloaded intentionally. @ https://www.ysl.com/fr-fr:0
[ 1260259ms] [WARNING] The resource https://s.go-mpulse.net/boomerang/K9JYF-NA9GU-K758U-APJ5Q-E7LPJ was preloaded using link preload but not used within a few seconds from the window's load event. Please make sure it has an appropriate `as` value and it is preloaded intentionally. @ https://www.ysl.com/fr-fr:0
[ 1264040ms] [WARNING] The resource https://s.go-mpulse.net/boomerang/K9JYF-NA9GU-K758U-APJ5Q-E7LPJ was preloaded using link preload but not used within a few seconds from the window's load event. Please make sure it has an appropriate `as` value and it is preloaded intentionally. @ https://www.ysl.com/fr-fr:0
[ 1267274ms] [WARNING] The resource https://s.go-mpulse.net/boomerang/K9JYF-NA9GU-K758U-APJ5Q-E7LPJ was preloaded using link preload but not used within a few seconds from the window's load event. Please make sure it has an appropriate `as` value and it is preloaded intentionally. @ https://www.ysl.com/fr-fr:0
[ 1270780ms] [WARNING] The resource https://s.go-mpulse.net/boomerang/K9JYF-NA9GU-K758U-APJ5Q-E7LPJ was preloaded using link preload but not used within a few seconds from the window's load event. Please make sure it has an appropriate `as` value and it is preloaded intentionally. @ https://www.ysl.com/fr-fr:0
[ 1274293ms] [WARNING] The resource https://s.go-mpulse.net/boomerang/K9JYF-NA9GU-K758U-APJ5Q-E7LPJ was preloaded using link preload but not used within a few seconds from the window's load event. Please make sure it has an appropriate `as` value and it is preloaded intentionally. @ https://www.ysl.com/fr-fr:0
[ 1277796ms] [WARNING] The resource https://s.go-mpulse.net/boomerang/K9JYF-NA9GU-K758U-APJ5Q-E7LPJ was preloaded using link preload but not used within a few seconds from the window's load event. Please make sure it has an appropriate `as` value and it is preloaded intentionally. @ https://www.ysl.com/fr-fr:0
[ 1281306ms] [WARNING] The resource https://s.go-mpulse.net/boomerang/K9JYF-NA9GU-K758U-APJ5Q-E7LPJ was preloaded using link preload but not used within a few seconds from the window's load event. Please make sure it has an appropriate `as` value and it is preloaded intentionally. @ https://www.ysl.com/fr-fr:0
[ 1284803ms] [WARNING] The resource https://s.go-mpulse.net/boomerang/K9JYF-NA9GU-K758U-APJ5Q-E7LPJ was preloaded using link preload but not used within a few seconds from the window's load event. Please make sure it has an appropriate `as` value and it is preloaded intentionally. @ https://www.ysl.com/fr-fr:0
[ 1288317ms] [WARNING] The resource https://s.go-mpulse.net/boomerang/K9JYF-NA9GU-K758U-APJ5Q-E7LPJ was preloaded using link preload but not used within a few seconds from the window's load event. Please make sure it has an appropriate `as` value and it is preloaded intentionally. @ https://www.ysl.com/fr-fr:0
[ 1291832ms] [WARNING] The resource https://s.go-mpulse.net/boomerang/K9JYF-NA9GU-K758U-APJ5Q-E7LPJ was preloaded using link preload but not used within a few seconds from the window's load event. Please make sure it has an appropriate `as` value and it is preloaded intentionally. @ https://www.ysl.com/fr-fr:0
[ 1295332ms] [WARNING] The resource https://s.go-mpulse.net/boomerang/K9JYF-NA9GU-K758U-APJ5Q-E7LPJ was preloaded using link preload but not used within a few seconds from the window's load event. Please make sure it has an appropriate `as` value and it is preloaded intentionally. @ https://www.ysl.com/fr-fr:0
[ 1298863ms] [WARNING] The resource https://s.go-mpulse.net/boomerang/K9JYF-NA9GU-K758U-APJ5Q-E7LPJ was preloaded using link preload but not used within a few seconds from the window's load event. Please make sure it has an appropriate `as` value and it is preloaded intentionally. @ https://www.ysl.com/fr-fr:0
[ 1302350ms] [WARNING] The resource https://s.go-mpulse.net/boomerang/K9JYF-NA9GU-K758U-APJ5Q-E7LPJ was preloaded using link preload but not used within a few seconds from the window's load event. Please make sure it has an appropriate `as` value and it is preloaded intentionally. @ https://www.ysl.com/fr-fr:0
[ 1305872ms] [WARNING] The resource https://s.go-mpulse.net/boomerang/K9JYF-NA9GU-K758U-APJ5Q-E7LPJ was preloaded using link preload but not used within a few seconds from the window's load event. Please make sure it has an appropriate `as` value and it is preloaded intentionally. @ https://www.ysl.com/fr-fr:0
[ 1309368ms] [WARNING] The resource https://s.go-mpulse.net/boomerang/K9JYF-NA9GU-K758U-APJ5Q-E7LPJ was preloaded using link preload but not used within a few seconds from the window's load event. Please make sure it has an appropriate `as` value and it is preloaded intentionally. @ https://www.ysl.com/fr-fr:0
[ 1312880ms] [WARNING] The resource https://s.go-mpulse.net/boomerang/K9JYF-NA9GU-K758U-APJ5Q-E7LPJ was preloaded using link preload but not used within a few seconds from the window's load event. Please make sure it has an appropriate `as` value and it is preloaded intentionally. @ https://www.ysl.com/fr-fr:0
[ 1316398ms] [WARNING] The resource https://s.go-mpulse.net/boomerang/K9JYF-NA9GU-K758U-APJ5Q-E7LPJ was preloaded using link preload but not used within a few seconds from the window's load event. Please make sure it has an appropriate `as` value and it is preloaded intentionally. @ https://www.ysl.com/fr-fr:0
[ 1319913ms] [WARNING] The resource https://s.go-mpulse.net/boomerang/K9JYF-NA9GU-K758U-APJ5Q-E7LPJ was preloaded using link preload but not used within a few seconds from the window's load event. Please make sure it has an appropriate `as` value and it is preloaded intentionally. @ https://www.ysl.com/fr-fr:0
[ 1323415ms] [WARNING] The resource https://s.go-mpulse.net/boomerang/K9JYF-NA9GU-K758U-APJ5Q-E7LPJ was preloaded using link preload but not used within a few seconds from the window's load event. Please make sure it has an appropriate `as` value and it is preloaded intentionally. @ https://www.ysl.com/fr-fr:0
[ 1326914ms] [WARNING] The resource https://s.go-mpulse.net/boomerang/K9JYF-NA9GU-K758U-APJ5Q-E7LPJ was preloaded using link preload but not used within a few seconds from the window's load event. Please make sure it has an appropriate `as` value and it is preloaded intentionally. @ https://www.ysl.com/fr-fr:0
[ 1330427ms] [WARNING] The resource https://s.go-mpulse.net/boomerang/K9JYF-NA9GU-K758U-APJ5Q-E7LPJ was preloaded using link preload but not used within a few seconds from the window's load event. Please make sure it has an appropriate `as` value and it is preloaded intentionally. @ https://www.ysl.com/fr-fr:0
[ 1333940ms] [WARNING] The resource https://s.go-mpulse.net/boomerang/K9JYF-NA9GU-K758U-APJ5Q-E7LPJ was preloaded using link preload but not used within a few seconds from the window's load event. Please make sure it has an appropriate `as` value and it is preloaded intentionally. @ https://www.ysl.com/fr-fr:0
[ 1337443ms] [WARNING] The resource https://s.go-mpulse.net/boomerang/K9JYF-NA9GU-K758U-APJ5Q-E7LPJ was preloaded using link preload but not used within a few seconds from the window's load event. Please make sure it has an appropriate `as` value and it is preloaded intentionally. @ https://www.ysl.com/fr-fr:0
[ 1340939ms] [WARNING] The resource https://s.go-mpulse.net/boomerang/K9JYF-NA9GU-K758U-APJ5Q-E7LPJ was preloaded using link preload but not used within a few seconds from the window's load event. Please make sure it has an appropriate `as` value and it is preloaded intentionally. @ https://www.ysl.com/fr-fr:0
[ 1344443ms] [WARNING] The resource https://s.go-mpulse.net/boomerang/K9JYF-NA9GU-K758U-APJ5Q-E7LPJ was preloaded using link preload but not used within a few seconds from the window's load event. Please make sure it has an appropriate `as` value and it is preloaded intentionally. @ https://www.ysl.com/fr-fr:0
[ 1347957ms] [WARNING] The resource https://s.go-mpulse.net/boomerang/K9JYF-NA9GU-K758U-APJ5Q-E7LPJ was preloaded using link preload but not used within a few seconds from the window's load event. Please make sure it has an appropriate `as` value and it is preloaded intentionally. @ https://www.ysl.com/fr-fr:0
[ 1351473ms] [WARNING] The resource https://s.go-mpulse.net/boomerang/K9JYF-NA9GU-K758U-APJ5Q-E7LPJ was preloaded using link preload but not used within a few seconds from the window's load event. Please make sure it has an appropriate `as` value and it is preloaded intentionally. @ https://www.ysl.com/fr-fr:0
[ 1354956ms] [WARNING] The resource https://s.go-mpulse.net/boomerang/K9JYF-NA9GU-K758U-APJ5Q-E7LPJ was preloaded using link preload but not used within a few seconds from the window's load event. Please make sure it has an appropriate `as` value and it is preloaded intentionally. @ https://www.ysl.com/fr-fr:0
[ 1358479ms] [WARNING] The resource https://s.go-mpulse.net/boomerang/K9JYF-NA9GU-K758U-APJ5Q-E7LPJ was preloaded using link preload but not used within a few seconds from the window's load event. Please make sure it has an appropriate `as` value and it is preloaded intentionally. @ https://www.ysl.com/fr-fr:0
[ 1361983ms] [WARNING] The resource https://s.go-mpulse.net/boomerang/K9JYF-NA9GU-K758U-APJ5Q-E7LPJ was preloaded using link preload but not used within a few seconds from the window's load event. Please make sure it has an appropriate `as` value and it is preloaded intentionally. @ https://www.ysl.com/fr-fr:0
[ 1365505ms] [WARNING] The resource https://s.go-mpulse.net/boomerang/K9JYF-NA9GU-K758U-APJ5Q-E7LPJ was preloaded using link preload but not used within a few seconds from the window's load event. Please make sure it has an appropriate `as` value and it is preloaded intentionally. @ https://www.ysl.com/fr-fr:0
[ 1369004ms] [WARNING] The resource https://s.go-mpulse.net/boomerang/K9JYF-NA9GU-K758U-APJ5Q-E7LPJ was preloaded using link preload but not used within a few seconds from the window's load event. Please make sure it has an appropriate `as` value and it is preloaded intentionally. @ https://www.ysl.com/fr-fr:0
[ 1372512ms] [WARNING] The resource https://s.go-mpulse.net/boomerang/K9JYF-NA9GU-K758U-APJ5Q-E7LPJ was preloaded using link preload but not used within a few seconds from the window's load event. Please make sure it has an appropriate `as` value and it is preloaded intentionally. @ https://www.ysl.com/fr-fr:0
[ 1376016ms] [WARNING] The resource https://s.go-mpulse.net/boomerang/K9JYF-NA9GU-K758U-APJ5Q-E7LPJ was preloaded using link preload but not used within a few seconds from the window's load event. Please make sure it has an appropriate `as` value and it is preloaded intentionally. @ https://www.ysl.com/fr-fr:0
[ 1379537ms] [WARNING] The resource https://s.go-mpulse.net/boomerang/K9JYF-NA9GU-K758U-APJ5Q-E7LPJ was preloaded using link preload but not used within a few seconds from the window's load event. Please make sure it has an appropriate `as` value and it is preloaded intentionally. @ https://www.ysl.com/fr-fr:0
[ 1383046ms] [WARNING] The resource https://s.go-mpulse.net/boomerang/K9JYF-NA9GU-K758U-APJ5Q-E7LPJ was preloaded using link preload but not used within a few seconds from the window's load event. Please make sure it has an appropriate `as` value and it is preloaded intentionally. @ https://www.ysl.com/fr-fr:0
[ 1386560ms] [WARNING] The resource https://s.go-mpulse.net/boomerang/K9JYF-NA9GU-K758U-APJ5Q-E7LPJ was preloaded using link preload but not used within a few seconds from the window's load event. Please make sure it has an appropriate `as` value and it is preloaded intentionally. @ https://www.ysl.com/fr-fr:0
[ 1390066ms] [WARNING] The resource https://s.go-mpulse.net/boomerang/K9JYF-NA9GU-K758U-APJ5Q-E7LPJ was preloaded using link preload but not used within a few seconds from the window's load event. Please make sure it has an appropriate `as` value and it is preloaded intentionally. @ https://www.ysl.com/fr-fr:0
[ 1393580ms] [WARNING] The resource https://s.go-mpulse.net/boomerang/K9JYF-NA9GU-K758U-APJ5Q-E7LPJ was preloaded using link preload but not used within a few seconds from the window's load event. Please make sure it has an appropriate `as` value and it is preloaded intentionally. @ https://www.ysl.com/fr-fr:0
[ 1397078ms] [WARNING] The resource https://s.go-mpulse.net/boomerang/K9JYF-NA9GU-K758U-APJ5Q-E7LPJ was preloaded using link preload but not used within a few seconds from the window's load event. Please make sure it has an appropriate `as` value and it is preloaded intentionally. @ https://www.ysl.com/fr-fr:0
[ 1400598ms] [WARNING] The resource https://s.go-mpulse.net/boomerang/K9JYF-NA9GU-K758U-APJ5Q-E7LPJ was preloaded using link preload but not used within a few seconds from the window's load event. Please make sure it has an appropriate `as` value and it is preloaded intentionally. @ https://www.ysl.com/fr-fr:0
[ 1404108ms] [WARNING] The resource https://s.go-mpulse.net/boomerang/K9JYF-NA9GU-K758U-APJ5Q-E7LPJ was preloaded using link preload but not used within a few seconds from the window's load event. Please make sure it has an appropriate `as` value and it is preloaded intentionally. @ https://www.ysl.com/fr-fr:0
[ 1407612ms] [WARNING] The resource https://s.go-mpulse.net/boomerang/K9JYF-NA9GU-K758U-APJ5Q-E7LPJ was preloaded using link preload but not used within a few seconds from the window's load event. Please make sure it has an appropriate `as` value and it is preloaded intentionally. @ https://www.ysl.com/fr-fr:0
[ 1411118ms] [WARNING] The resource https://s.go-mpulse.net/boomerang/K9JYF-NA9GU-K758U-APJ5Q-E7LPJ was preloaded using link preload but not used within a few seconds from the window's load event. Please make sure it has an appropriate `as` value and it is preloaded intentionally. @ https://www.ysl.com/fr-fr:0
[ 1414625ms] [WARNING] The resource https://s.go-mpulse.net/boomerang/K9JYF-NA9GU-K758U-APJ5Q-E7LPJ was preloaded using link preload but not used within a few seconds from the window's load event. Please make sure it has an appropriate `as` value and it is preloaded intentionally. @ https://www.ysl.com/fr-fr:0
[ 1418132ms] [WARNING] The resource https://s.go-mpulse.net/boomerang/K9JYF-NA9GU-K758U-APJ5Q-E7LPJ was preloaded using link preload but not used within a few seconds from the window's load event. Please make sure it has an appropriate `as` value and it is preloaded intentionally. @ https://www.ysl.com/fr-fr:0
[ 1421621ms] [WARNING] The resource https://s.go-mpulse.net/boomerang/K9JYF-NA9GU-K758U-APJ5Q-E7LPJ was preloaded using link preload but not used within a few seconds from the window's load event. Please make sure it has an appropriate `as` value and it is preloaded intentionally. @ https://www.ysl.com/fr-fr:0
[ 1425130ms] [WARNING] The resource https://s.go-mpulse.net/boomerang/K9JYF-NA9GU-K758U-APJ5Q-E7LPJ was preloaded using link preload but not used within a few seconds from the window's load event. Please make sure it has an appropriate `as` value and it is preloaded intentionally. @ https://www.ysl.com/fr-fr:0
[ 1428632ms] [WARNING] The resource https://s.go-mpulse.net/boomerang/K9JYF-NA9GU-K758U-APJ5Q-E7LPJ was preloaded using link preload but not used within a few seconds from the window's load event. Please make sure it has an appropriate `as` value and it is preloaded intentionally. @ https://www.ysl.com/fr-fr:0
[ 1432165ms] [WARNING] The resource https://s.go-mpulse.net/boomerang/K9JYF-NA9GU-K758U-APJ5Q-E7LPJ was preloaded using link preload but not used within a few seconds from the window's load event. Please make sure it has an appropriate `as` value and it is preloaded intentionally. @ https://www.ysl.com/fr-fr:0
[ 1435671ms] [WARNING] The resource https://s.go-mpulse.net/boomerang/K9JYF-NA9GU-K758U-APJ5Q-E7LPJ was preloaded using link preload but not used within a few seconds from the window's load event. Please make sure it has an appropriate `as` value and it is preloaded intentionally. @ https://www.ysl.com/fr-fr:0
[ 1439180ms] [WARNING] The resource https://s.go-mpulse.net/boomerang/K9JYF-NA9GU-K758U-APJ5Q-E7LPJ was preloaded using link preload but not used within a few seconds from the window's load event. Please make sure it has an appropriate `as` value and it is preloaded intentionally. @ https://www.ysl.com/fr-fr:0
[ 1446198ms] [WARNING] The resource https://s.go-mpulse.net/boomerang/K9JYF-NA9GU-K758U-APJ5Q-E7LPJ was preloaded using link preload but not used within a few seconds from the window's load event. Please make sure it has an appropriate `as` value and it is preloaded intentionally. @ https://www.ysl.com/fr-fr:0
[ 1449731ms] [WARNING] The resource https://s.go-mpulse.net/boomerang/K9JYF-NA9GU-K758U-APJ5Q-E7LPJ was preloaded using link preload but not used within a few seconds from the window's load event. Please make sure it has an appropriate `as` value and it is preloaded intentionally. @ https://www.ysl.com/fr-fr:0
[ 1453217ms] [WARNING] The resource https://s.go-mpulse.net/boomerang/K9JYF-NA9GU-K758U-APJ5Q-E7LPJ was preloaded using link preload but not used within a few seconds from the window's load event. Please make sure it has an appropriate `as` value and it is preloaded intentionally. @ https://www.ysl.com/fr-fr:0
[ 1456725ms] [WARNING] The resource https://s.go-mpulse.net/boomerang/K9JYF-NA9GU-K758U-APJ5Q-E7LPJ was preloaded using link preload but not used within a few seconds from the window's load event. Please make sure it has an appropriate `as` value and it is preloaded intentionally. @ https://www.ysl.com/fr-fr:0
[ 1460234ms] [WARNING] The resource https://s.go-mpulse.net/boomerang/K9JYF-NA9GU-K758U-APJ5Q-E7LPJ was preloaded using link preload but not used within a few seconds from the window's load event. Please make sure it has an appropriate `as` value and it is preloaded intentionally. @ https://www.ysl.com/fr-fr:0
[ 1463743ms] [WARNING] The resource https://s.go-mpulse.net/boomerang/K9JYF-NA9GU-K758U-APJ5Q-E7LPJ was preloaded using link preload but not used within a few seconds from the window's load event. Please make sure it has an appropriate `as` value and it is preloaded intentionally. @ https://www.ysl.com/fr-fr:0
[ 1467302ms] [WARNING] The resource https://s.go-mpulse.net/boomerang/K9JYF-NA9GU-K758U-APJ5Q-E7LPJ was preloaded using link preload but not used within a few seconds from the window's load event. Please make sure it has an appropriate `as` value and it is preloaded intentionally. @ https://www.ysl.com/fr-fr:0
[ 1470753ms] [WARNING] The resource https://s.go-mpulse.net/boomerang/K9JYF-NA9GU-K758U-APJ5Q-E7LPJ was preloaded using link preload but not used within a few seconds from the window's load event. Please make sure it has an appropriate `as` value and it is preloaded intentionally. @ https://www.ysl.com/fr-fr:0
[ 1474258ms] [WARNING] The resource https://s.go-mpulse.net/boomerang/K9JYF-NA9GU-K758U-APJ5Q-E7LPJ was preloaded using link preload but not used within a few seconds from the window's load event. Please make sure it has an appropriate `as` value and it is preloaded intentionally. @ https://www.ysl.com/fr-fr:0
[ 1477798ms] [WARNING] The resource https://s.go-mpulse.net/boomerang/K9JYF-NA9GU-K758U-APJ5Q-E7LPJ was preloaded using link preload but not used within a few seconds from the window's load event. Please make sure it has an appropriate `as` value and it is preloaded intentionally. @ https://www.ysl.com/fr-fr:0
[ 1481265ms] [WARNING] The resource https://s.go-mpulse.net/boomerang/K9JYF-NA9GU-K758U-APJ5Q-E7LPJ was preloaded using link preload but not used within a few seconds from the window's load event. Please make sure it has an appropriate `as` value and it is preloaded intentionally. @ https://www.ysl.com/fr-fr:0
[ 1484776ms] [WARNING] The resource https://s.go-mpulse.net/boomerang/K9JYF-NA9GU-K758U-APJ5Q-E7LPJ was preloaded using link preload but not used within a few seconds from the window's load event. Please make sure it has an appropriate `as` value and it is preloaded intentionally. @ https://www.ysl.com/fr-fr:0
[ 1488282ms] [WARNING] The resource https://s.go-mpulse.net/boomerang/K9JYF-NA9GU-K758U-APJ5Q-E7LPJ was preloaded using link preload but not used within a few seconds from the window's load event. Please make sure it has an appropriate `as` value and it is preloaded intentionally. @ https://www.ysl.com/fr-fr:0
[ 1491789ms] [WARNING] The resource https://s.go-mpulse.net/boomerang/K9JYF-NA9GU-K758U-APJ5Q-E7LPJ was preloaded using link preload but not used within a few seconds from the window's load event. Please make sure it has an appropriate `as` value and it is preloaded intentionally. @ https://www.ysl.com/fr-fr:0
[ 1495297ms] [WARNING] The resource https://s.go-mpulse.net/boomerang/K9JYF-NA9GU-K758U-APJ5Q-E7LPJ was preloaded using link preload but not used within a few seconds from the window's load event. Please make sure it has an appropriate `as` value and it is preloaded intentionally. @ https://www.ysl.com/fr-fr:0
[ 1498810ms] [WARNING] The resource https://s.go-mpulse.net/boomerang/K9JYF-NA9GU-K758U-APJ5Q-E7LPJ was preloaded using link preload but not used within a few seconds from the window's load event. Please make sure it has an appropriate `as` value and it is preloaded intentionally. @ https://www.ysl.com/fr-fr:0
[ 1502313ms] [WARNING] The resource https://s.go-mpulse.net/boomerang/K9JYF-NA9GU-K758U-APJ5Q-E7LPJ was preloaded using link preload but not used within a few seconds from the window's load event. Please make sure it has an appropriate `as` value and it is preloaded intentionally. @ https://www.ysl.com/fr-fr:0
[ 1505827ms] [WARNING] The resource https://s.go-mpulse.net/boomerang/K9JYF-NA9GU-K758U-APJ5Q-E7LPJ was preloaded using link preload but not used within a few seconds from the window's load event. Please make sure it has an appropriate `as` value and it is preloaded intentionally. @ https://www.ysl.com/fr-fr:0
[ 1509324ms] [WARNING] The resource https://s.go-mpulse.net/boomerang/K9JYF-NA9GU-K758U-APJ5Q-E7LPJ was preloaded using link preload but not used within a few seconds from the window's load event. Please make sure it has an appropriate `as` value and it is preloaded intentionally. @ https://www.ysl.com/fr-fr:0
[ 1512840ms] [WARNING] The resource https://s.go-mpulse.net/boomerang/K9JYF-NA9GU-K758U-APJ5Q-E7LPJ was preloaded using link preload but not used within a few seconds from the window's load event. Please make sure it has an appropriate `as` value and it is preloaded intentionally. @ https://www.ysl.com/fr-fr:0
[ 1516345ms] [WARNING] The resource https://s.go-mpulse.net/boomerang/K9JYF-NA9GU-K758U-APJ5Q-E7LPJ was preloaded using link preload but not used within a few seconds from the window's load event. Please make sure it has an appropriate `as` value and it is preloaded intentionally. @ https://www.ysl.com/fr-fr:0
[ 1519856ms] [WARNING] The resource https://s.go-mpulse.net/boomerang/K9JYF-NA9GU-K758U-APJ5Q-E7LPJ was preloaded using link preload but not used within a few seconds from the window's load event. Please make sure it has an appropriate `as` value and it is preloaded intentionally. @ https://www.ysl.com/fr-fr:0
[ 1523370ms] [WARNING] The resource https://s.go-mpulse.net/boomerang/K9JYF-NA9GU-K758U-APJ5Q-E7LPJ was preloaded using link preload but not used within a few seconds from the window's load event. Please make sure it has an appropriate `as` value and it is preloaded intentionally. @ https://www.ysl.com/fr-fr:0
[ 1526896ms] [WARNING] The resource https://s.go-mpulse.net/boomerang/K9JYF-NA9GU-K758U-APJ5Q-E7LPJ was preloaded using link preload but not used within a few seconds from the window's load event. Please make sure it has an appropriate `as` value and it is preloaded intentionally. @ https://www.ysl.com/fr-fr:0
[ 1530379ms] [WARNING] The resource https://s.go-mpulse.net/boomerang/K9JYF-NA9GU-K758U-APJ5Q-E7LPJ was preloaded using link preload but not used within a few seconds from the window's load event. Please make sure it has an appropriate `as` value and it is preloaded intentionally. @ https://www.ysl.com/fr-fr:0
[ 1533913ms] [WARNING] The resource https://s.go-mpulse.net/boomerang/K9JYF-NA9GU-K758U-APJ5Q-E7LPJ was preloaded using link preload but not used within a few seconds from the window's load event. Please make sure it has an appropriate `as` value and it is preloaded intentionally. @ https://www.ysl.com/fr-fr:0
[ 1537406ms] [WARNING] The resource https://s.go-mpulse.net/boomerang/K9JYF-NA9GU-K758U-APJ5Q-E7LPJ was preloaded using link preload but not used within a few seconds from the window's load event. Please make sure it has an appropriate `as` value and it is preloaded intentionally. @ https://www.ysl.com/fr-fr:0
[ 1540904ms] [WARNING] The resource https://s.go-mpulse.net/boomerang/K9JYF-NA9GU-K758U-APJ5Q-E7LPJ was preloaded using link preload but not used within a few seconds from the window's load event. Please make sure it has an appropriate `as` value and it is preloaded intentionally. @ https://www.ysl.com/fr-fr:0
[ 1544401ms] [WARNING] The resource https://s.go-mpulse.net/boomerang/K9JYF-NA9GU-K758U-APJ5Q-E7LPJ was preloaded using link preload but not used within a few seconds from the window's load event. Please make sure it has an appropriate `as` value and it is preloaded intentionally. @ https://www.ysl.com/fr-fr:0
[ 1547908ms] [WARNING] The resource https://s.go-mpulse.net/boomerang/K9JYF-NA9GU-K758U-APJ5Q-E7LPJ was preloaded using link preload but not used within a few seconds from the window's load event. Please make sure it has an appropriate `as` value and it is preloaded intentionally. @ https://www.ysl.com/fr-fr:0
[ 1551423ms] [WARNING] The resource https://s.go-mpulse.net/boomerang/K9JYF-NA9GU-K758U-APJ5Q-E7LPJ was preloaded using link preload but not used within a few seconds from the window's load event. Please make sure it has an appropriate `as` value and it is preloaded intentionally. @ https://www.ysl.com/fr-fr:0
[ 1554929ms] [WARNING] The resource https://s.go-mpulse.net/boomerang/K9JYF-NA9GU-K758U-APJ5Q-E7LPJ was preloaded using link preload but not used within a few seconds from the window's load event. Please make sure it has an appropriate `as` value and it is preloaded intentionally. @ https://www.ysl.com/fr-fr:0
[ 1558442ms] [WARNING] The resource https://s.go-mpulse.net/boomerang/K9JYF-NA9GU-K758U-APJ5Q-E7LPJ was preloaded using link preload but not used within a few seconds from the window's load event. Please make sure it has an appropriate `as` value and it is preloaded intentionally. @ https://www.ysl.com/fr-fr:0
[ 1561966ms] [WARNING] The resource https://s.go-mpulse.net/boomerang/K9JYF-NA9GU-K758U-APJ5Q-E7LPJ was preloaded using link preload but not used within a few seconds from the window's load event. Please make sure it has an appropriate `as` value and it is preloaded intentionally. @ https://www.ysl.com/fr-fr:0
[ 1565447ms] [WARNING] The resource https://s.go-mpulse.net/boomerang/K9JYF-NA9GU-K758U-APJ5Q-E7LPJ was preloaded using link preload but not used within a few seconds from the window's load event. Please make sure it has an appropriate `as` value and it is preloaded intentionally. @ https://www.ysl.com/fr-fr:0
[ 1568963ms] [WARNING] The resource https://s.go-mpulse.net/boomerang/K9JYF-NA9GU-K758U-APJ5Q-E7LPJ was preloaded using link preload but not used within a few seconds from the window's load event. Please make sure it has an appropriate `as` value and it is preloaded intentionally. @ https://www.ysl.com/fr-fr:0
[ 1572474ms] [WARNING] The resource https://s.go-mpulse.net/boomerang/K9JYF-NA9GU-K758U-APJ5Q-E7LPJ was preloaded using link preload but not used within a few seconds from the window's load event. Please make sure it has an appropriate `as` value and it is preloaded intentionally. @ https://www.ysl.com/fr-fr:0
[ 1575968ms] [WARNING] The resource https://s.go-mpulse.net/boomerang/K9JYF-NA9GU-K758U-APJ5Q-E7LPJ was preloaded using link preload but not used within a few seconds from the window's load event. Please make sure it has an appropriate `as` value and it is preloaded intentionally. @ https://www.ysl.com/fr-fr:0
[ 1579477ms] [WARNING] The resource https://s.go-mpulse.net/boomerang/K9JYF-NA9GU-K758U-APJ5Q-E7LPJ was preloaded using link preload but not used within a few seconds from the window's load event. Please make sure it has an appropriate `as` value and it is preloaded intentionally. @ https://www.ysl.com/fr-fr:0
[ 1582991ms] [WARNING] The resource https://s.go-mpulse.net/boomerang/K9JYF-NA9GU-K758U-APJ5Q-E7LPJ was preloaded using link preload but not used within a few seconds from the window's load event. Please make sure it has an appropriate `as` value and it is preloaded intentionally. @ https://www.ysl.com/fr-fr:0
[ 1586506ms] [WARNING] The resource https://s.go-mpulse.net/boomerang/K9JYF-NA9GU-K758U-APJ5Q-E7LPJ was preloaded using link preload but not used within a few seconds from the window's load event. Please make sure it has an appropriate `as` value and it is preloaded intentionally. @ https://www.ysl.com/fr-fr:0
[ 1590012ms] [WARNING] The resource https://s.go-mpulse.net/boomerang/K9JYF-NA9GU-K758U-APJ5Q-E7LPJ was preloaded using link preload but not used within a few seconds from the window's load event. Please make sure it has an appropriate `as` value and it is preloaded intentionally. @ https://www.ysl.com/fr-fr:0
[ 1593513ms] [WARNING] The resource https://s.go-mpulse.net/boomerang/K9JYF-NA9GU-K758U-APJ5Q-E7LPJ was preloaded using link preload but not used within a few seconds from the window's load event. Please make sure it has an appropriate `as` value and it is preloaded intentionally. @ https://www.ysl.com/fr-fr:0
[ 1597029ms] [WARNING] The resource https://s.go-mpulse.net/boomerang/K9JYF-NA9GU-K758U-APJ5Q-E7LPJ was preloaded using link preload but not used within a few seconds from the window's load event. Please make sure it has an appropriate `as` value and it is preloaded intentionally. @ https://www.ysl.com/fr-fr:0
[ 1600512ms] [WARNING] The resource https://s.go-mpulse.net/boomerang/K9JYF-NA9GU-K758U-APJ5Q-E7LPJ was preloaded using link preload but not used within a few seconds from the window's load event. Please make sure it has an appropriate `as` value and it is preloaded intentionally. @ https://www.ysl.com/fr-fr:0
[ 1604027ms] [WARNING] The resource https://s.go-mpulse.net/boomerang/K9JYF-NA9GU-K758U-APJ5Q-E7LPJ was preloaded using link preload but not used within a few seconds from the window's load event. Please make sure it has an appropriate `as` value and it is preloaded intentionally. @ https://www.ysl.com/fr-fr:0
[ 1607537ms] [WARNING] The resource https://s.go-mpulse.net/boomerang/K9JYF-NA9GU-K758U-APJ5Q-E7LPJ was preloaded using link preload but not used within a few seconds from the window's load event. Please make sure it has an appropriate `as` value and it is preloaded intentionally. @ https://www.ysl.com/fr-fr:0
[ 1611038ms] [WARNING] The resource https://s.go-mpulse.net/boomerang/K9JYF-NA9GU-K758U-APJ5Q-E7LPJ was preloaded using link preload but not used within a few seconds from the window's load event. Please make sure it has an appropriate `as` value and it is preloaded intentionally. @ https://www.ysl.com/fr-fr:0
[ 1614560ms] [WARNING] The resource https://s.go-mpulse.net/boomerang/K9JYF-NA9GU-K758U-APJ5Q-E7LPJ was preloaded using link preload but not used within a few seconds from the window's load event. Please make sure it has an appropriate `as` value and it is preloaded intentionally. @ https://www.ysl.com/fr-fr:0
[ 1618047ms] [WARNING] The resource https://s.go-mpulse.net/boomerang/K9JYF-NA9GU-K758U-APJ5Q-E7LPJ was preloaded using link preload but not used within a few seconds from the window's load event. Please make sure it has an appropriate `as` value and it is preloaded intentionally. @ https://www.ysl.com/fr-fr:0
[ 1625069ms] [WARNING] The resource https://s.go-mpulse.net/boomerang/K9JYF-NA9GU-K758U-APJ5Q-E7LPJ was preloaded using link preload but not used within a few seconds from the window's load event. Please make sure it has an appropriate `as` value and it is preloaded intentionally. @ https://www.ysl.com/fr-fr:0
[ 1628591ms] [WARNING] The resource https://s.go-mpulse.net/boomerang/K9JYF-NA9GU-K758U-APJ5Q-E7LPJ was preloaded using link preload but not used within a few seconds from the window's load event. Please make sure it has an appropriate `as` value and it is preloaded intentionally. @ https://www.ysl.com/fr-fr:0
[ 1632120ms] [WARNING] The resource https://s.go-mpulse.net/boomerang/K9JYF-NA9GU-K758U-APJ5Q-E7LPJ was preloaded using link preload but not used within a few seconds from the window's load event. Please make sure it has an appropriate `as` value and it is preloaded intentionally. @ https://www.ysl.com/fr-fr:0
[ 1635592ms] [WARNING] The resource https://s.go-mpulse.net/boomerang/K9JYF-NA9GU-K758U-APJ5Q-E7LPJ was preloaded using link preload but not used within a few seconds from the window's load event. Please make sure it has an appropriate `as` value and it is preloaded intentionally. @ https://www.ysl.com/fr-fr:0
[ 1639085ms] [WARNING] The resource https://s.go-mpulse.net/boomerang/K9JYF-NA9GU-K758U-APJ5Q-E7LPJ was preloaded using link preload but not used within a few seconds from the window's load event. Please make sure it has an appropriate `as` value and it is preloaded intentionally. @ https://www.ysl.com/fr-fr:0
[ 1642602ms] [WARNING] The resource https://s.go-mpulse.net/boomerang/K9JYF-NA9GU-K758U-APJ5Q-E7LPJ was preloaded using link preload but not used within a few seconds from the window's load event. Please make sure it has an appropriate `as` value and it is preloaded intentionally. @ https://www.ysl.com/fr-fr:0
[ 1646141ms] [WARNING] The resource https://s.go-mpulse.net/boomerang/K9JYF-NA9GU-K758U-APJ5Q-E7LPJ was preloaded using link preload but not used within a few seconds from the window's load event. Please make sure it has an appropriate `as` value and it is preloaded intentionally. @ https://www.ysl.com/fr-fr:0
[ 1649629ms] [WARNING] The resource https://s.go-mpulse.net/boomerang/K9JYF-NA9GU-K758U-APJ5Q-E7LPJ was preloaded using link preload but not used within a few seconds from the window's load event. Please make sure it has an appropriate `as` value and it is preloaded intentionally. @ https://www.ysl.com/fr-fr:0
[ 1653138ms] [WARNING] The resource https://s.go-mpulse.net/boomerang/K9JYF-NA9GU-K758U-APJ5Q-E7LPJ was preloaded using link preload but not used within a few seconds from the window's load event. Please make sure it has an appropriate `as` value and it is preloaded intentionally. @ https://www.ysl.com/fr-fr:0
[ 1656628ms] [WARNING] The resource https://s.go-mpulse.net/boomerang/K9JYF-NA9GU-K758U-APJ5Q-E7LPJ was preloaded using link preload but not used within a few seconds from the window's load event. Please make sure it has an appropriate `as` value and it is preloaded intentionally. @ https://www.ysl.com/fr-fr:0
[ 1660134ms] [WARNING] The resource https://s.go-mpulse.net/boomerang/K9JYF-NA9GU-K758U-APJ5Q-E7LPJ was preloaded using link preload but not used within a few seconds from the window's load event. Please make sure it has an appropriate `as` value and it is preloaded intentionally. @ https://www.ysl.com/fr-fr:0
[ 1663658ms] [WARNING] The resource https://s.go-mpulse.net/boomerang/K9JYF-NA9GU-K758U-APJ5Q-E7LPJ was preloaded using link preload but not used within a few seconds from the window's load event. Please make sure it has an appropriate `as` value and it is preloaded intentionally. @ https://www.ysl.com/fr-fr:0
[ 1667160ms] [WARNING] The resource https://s.go-mpulse.net/boomerang/K9JYF-NA9GU-K758U-APJ5Q-E7LPJ was preloaded using link preload but not used within a few seconds from the window's load event. Please make sure it has an appropriate `as` value and it is preloaded intentionally. @ https://www.ysl.com/fr-fr:0
[ 1670664ms] [WARNING] The resource https://s.go-mpulse.net/boomerang/K9JYF-NA9GU-K758U-APJ5Q-E7LPJ was preloaded using link preload but not used within a few seconds from the window's load event. Please make sure it has an appropriate `as` value and it is preloaded intentionally. @ https://www.ysl.com/fr-fr:0
[ 1674167ms] [WARNING] The resource https://s.go-mpulse.net/boomerang/K9JYF-NA9GU-K758U-APJ5Q-E7LPJ was preloaded using link preload but not used within a few seconds from the window's load event. Please make sure it has an appropriate `as` value and it is preloaded intentionally. @ https://www.ysl.com/fr-fr:0
[ 1677686ms] [WARNING] The resource https://s.go-mpulse.net/boomerang/K9JYF-NA9GU-K758U-APJ5Q-E7LPJ was preloaded using link preload but not used within a few seconds from the window's load event. Please make sure it has an appropriate `as` value and it is preloaded intentionally. @ https://www.ysl.com/fr-fr:0
[ 1681190ms] [WARNING] The resource https://s.go-mpulse.net/boomerang/K9JYF-NA9GU-K758U-APJ5Q-E7LPJ was preloaded using link preload but not used within a few seconds from the window's load event. Please make sure it has an appropriate `as` value and it is preloaded intentionally. @ https://www.ysl.com/fr-fr:0
[ 1684698ms] [WARNING] The resource https://s.go-mpulse.net/boomerang/K9JYF-NA9GU-K758U-APJ5Q-E7LPJ was preloaded using link preload but not used within a few seconds from the window's load event. Please make sure it has an appropriate `as` value and it is preloaded intentionally. @ https://www.ysl.com/fr-fr:0
[ 1688223ms] [WARNING] The resource https://s.go-mpulse.net/boomerang/K9JYF-NA9GU-K758U-APJ5Q-E7LPJ was preloaded using link preload but not used within a few seconds from the window's load event. Please make sure it has an appropriate `as` value and it is preloaded intentionally. @ https://www.ysl.com/fr-fr:0
[ 1691712ms] [WARNING] The resource https://s.go-mpulse.net/boomerang/K9JYF-NA9GU-K758U-APJ5Q-E7LPJ was preloaded using link preload but not used within a few seconds from the window's load event. Please make sure it has an appropriate `as` value and it is preloaded intentionally. @ https://www.ysl.com/fr-fr:0
[ 1695213ms] [WARNING] The resource https://s.go-mpulse.net/boomerang/K9JYF-NA9GU-K758U-APJ5Q-E7LPJ was preloaded using link preload but not used within a few seconds from the window's load event. Please make sure it has an appropriate `as` value and it is preloaded intentionally. @ https://www.ysl.com/fr-fr:0
[ 1698724ms] [WARNING] The resource https://s.go-mpulse.net/boomerang/K9JYF-NA9GU-K758U-APJ5Q-E7LPJ was preloaded using link preload but not used within a few seconds from the window's load event. Please make sure it has an appropriate `as` value and it is preloaded intentionally. @ https://www.ysl.com/fr-fr:0
[ 1702246ms] [WARNING] The resource https://s.go-mpulse.net/boomerang/K9JYF-NA9GU-K758U-APJ5Q-E7LPJ was preloaded using link preload but not used within a few seconds from the window's load event. Please make sure it has an appropriate `as` value and it is preloaded intentionally. @ https://www.ysl.com/fr-fr:0
[ 1705732ms] [WARNING] The resource https://s.go-mpulse.net/boomerang/K9JYF-NA9GU-K758U-APJ5Q-E7LPJ was preloaded using link preload but not used within a few seconds from the window's load event. Please make sure it has an appropriate `as` value and it is preloaded intentionally. @ https://www.ysl.com/fr-fr:0
[ 1709258ms] [WARNING] The resource https://s.go-mpulse.net/boomerang/K9JYF-NA9GU-K758U-APJ5Q-E7LPJ was preloaded using link preload but not used within a few seconds from the window's load event. Please make sure it has an appropriate `as` value and it is preloaded intentionally. @ https://www.ysl.com/fr-fr:0
[ 1712757ms] [WARNING] The resource https://s.go-mpulse.net/boomerang/K9JYF-NA9GU-K758U-APJ5Q-E7LPJ was preloaded using link preload but not used within a few seconds from the window's load event. Please make sure it has an appropriate `as` value and it is preloaded intentionally. @ https://www.ysl.com/fr-fr:0
[ 1716268ms] [WARNING] The resource https://s.go-mpulse.net/boomerang/K9JYF-NA9GU-K758U-APJ5Q-E7LPJ was preloaded using link preload but not used within a few seconds from the window's load event. Please make sure it has an appropriate `as` value and it is preloaded intentionally. @ https://www.ysl.com/fr-fr:0
[ 1719781ms] [WARNING] The resource https://s.go-mpulse.net/boomerang/K9JYF-NA9GU-K758U-APJ5Q-E7LPJ was preloaded using link preload but not used within a few seconds from the window's load event. Please make sure it has an appropriate `as` value and it is preloaded intentionally. @ https://www.ysl.com/fr-fr:0
[ 1723282ms] [WARNING] The resource https://s.go-mpulse.net/boomerang/K9JYF-NA9GU-K758U-APJ5Q-E7LPJ was preloaded using link preload but not used within a few seconds from the window's load event. Please make sure it has an appropriate `as` value and it is preloaded intentionally. @ https://www.ysl.com/fr-fr:0
[ 1726801ms] [WARNING] The resource https://s.go-mpulse.net/boomerang/K9JYF-NA9GU-K758U-APJ5Q-E7LPJ was preloaded using link preload but not used within a few seconds from the window's load event. Please make sure it has an appropriate `as` value and it is preloaded intentionally. @ https://www.ysl.com/fr-fr:0
[ 1730298ms] [WARNING] The resource https://s.go-mpulse.net/boomerang/K9JYF-NA9GU-K758U-APJ5Q-E7LPJ was preloaded using link preload but not used within a few seconds from the window's load event. Please make sure it has an appropriate `as` value and it is preloaded intentionally. @ https://www.ysl.com/fr-fr:0
[ 1733801ms] [WARNING] The resource https://s.go-mpulse.net/boomerang/K9JYF-NA9GU-K758U-APJ5Q-E7LPJ was preloaded using link preload but not used within a few seconds from the window's load event. Please make sure it has an appropriate `as` value and it is preloaded intentionally. @ https://www.ysl.com/fr-fr:0
[ 1737300ms] [WARNING] The resource https://s.go-mpulse.net/boomerang/K9JYF-NA9GU-K758U-APJ5Q-E7LPJ was preloaded using link preload but not used within a few seconds from the window's load event. Please make sure it has an appropriate `as` value and it is preloaded intentionally. @ https://www.ysl.com/fr-fr:0
[ 1740834ms] [WARNING] The resource https://s.go-mpulse.net/boomerang/K9JYF-NA9GU-K758U-APJ5Q-E7LPJ was preloaded using link preload but not used within a few seconds from the window's load event. Please make sure it has an appropriate `as` value and it is preloaded intentionally. @ https://www.ysl.com/fr-fr:0
[ 1744335ms] [WARNING] The resource https://s.go-mpulse.net/boomerang/K9JYF-NA9GU-K758U-APJ5Q-E7LPJ was preloaded using link preload but not used within a few seconds from the window's load event. Please make sure it has an appropriate `as` value and it is preloaded intentionally. @ https://www.ysl.com/fr-fr:0
[ 1747838ms] [WARNING] The resource https://s.go-mpulse.net/boomerang/K9JYF-NA9GU-K758U-APJ5Q-E7LPJ was preloaded using link preload but not used within a few seconds from the window's load event. Please make sure it has an appropriate `as` value and it is preloaded intentionally. @ https://www.ysl.com/fr-fr:0
[ 1751349ms] [WARNING] The resource https://s.go-mpulse.net/boomerang/K9JYF-NA9GU-K758U-APJ5Q-E7LPJ was preloaded using link preload but not used within a few seconds from the window's load event. Please make sure it has an appropriate `as` value and it is preloaded intentionally. @ https://www.ysl.com/fr-fr:0
[ 1754863ms] [WARNING] The resource https://s.go-mpulse.net/boomerang/K9JYF-NA9GU-K758U-APJ5Q-E7LPJ was preloaded using link preload but not used within a few seconds from the window's load event. Please make sure it has an appropriate `as` value and it is preloaded intentionally. @ https://www.ysl.com/fr-fr:0
[ 1758368ms] [WARNING] The resource https://s.go-mpulse.net/boomerang/K9JYF-NA9GU-K758U-APJ5Q-E7LPJ was preloaded using link preload but not used within a few seconds from the window's load event. Please make sure it has an appropriate `as` value and it is preloaded intentionally. @ https://www.ysl.com/fr-fr:0
[ 1761876ms] [WARNING] The resource https://s.go-mpulse.net/boomerang/K9JYF-NA9GU-K758U-APJ5Q-E7LPJ was preloaded using link preload but not used within a few seconds from the window's load event. Please make sure it has an appropriate `as` value and it is preloaded intentionally. @ https://www.ysl.com/fr-fr:0
[ 1765373ms] [WARNING] The resource https://s.go-mpulse.net/boomerang/K9JYF-NA9GU-K758U-APJ5Q-E7LPJ was preloaded using link preload but not used within a few seconds from the window's load event. Please make sure it has an appropriate `as` value and it is preloaded intentionally. @ https://www.ysl.com/fr-fr:0
[ 1768888ms] [WARNING] The resource https://s.go-mpulse.net/boomerang/K9JYF-NA9GU-K758U-APJ5Q-E7LPJ was preloaded using link preload but not used within a few seconds from the window's load event. Please make sure it has an appropriate `as` value and it is preloaded intentionally. @ https://www.ysl.com/fr-fr:0
[ 1772402ms] [WARNING] The resource https://s.go-mpulse.net/boomerang/K9JYF-NA9GU-K758U-APJ5Q-E7LPJ was preloaded using link preload but not used within a few seconds from the window's load event. Please make sure it has an appropriate `as` value and it is preloaded intentionally. @ https://www.ysl.com/fr-fr:0
[ 1775902ms] [WARNING] The resource https://s.go-mpulse.net/boomerang/K9JYF-NA9GU-K758U-APJ5Q-E7LPJ was preloaded using link preload but not used within a few seconds from the window's load event. Please make sure it has an appropriate `as` value and it is preloaded intentionally. @ https://www.ysl.com/fr-fr:0
[ 1779407ms] [WARNING] The resource https://s.go-mpulse.net/boomerang/K9JYF-NA9GU-K758U-APJ5Q-E7LPJ was preloaded using link preload but not used within a few seconds from the window's load event. Please make sure it has an appropriate `as` value and it is preloaded intentionally. @ https://www.ysl.com/fr-fr:0
[ 1782904ms] [WARNING] The resource https://s.go-mpulse.net/boomerang/K9JYF-NA9GU-K758U-APJ5Q-E7LPJ was preloaded using link preload but not used within a few seconds from the window's load event. Please make sure it has an appropriate `as` value and it is preloaded intentionally. @ https://www.ysl.com/fr-fr:0
[ 1786420ms] [WARNING] The resource https://s.go-mpulse.net/boomerang/K9JYF-NA9GU-K758U-APJ5Q-E7LPJ was preloaded using link preload but not used within a few seconds from the window's load event. Please make sure it has an appropriate `as` value and it is preloaded intentionally. @ https://www.ysl.com/fr-fr:0
[ 1789915ms] [WARNING] The resource https://s.go-mpulse.net/boomerang/K9JYF-NA9GU-K758U-APJ5Q-E7LPJ was preloaded using link preload but not used within a few seconds from the window's load event. Please make sure it has an appropriate `as` value and it is preloaded intentionally. @ https://www.ysl.com/fr-fr:0
[ 1793431ms] [WARNING] The resource https://s.go-mpulse.net/boomerang/K9JYF-NA9GU-K758U-APJ5Q-E7LPJ was preloaded using link preload but not used within a few seconds from the window's load event. Please make sure it has an appropriate `as` value and it is preloaded intentionally. @ https://www.ysl.com/fr-fr:0
[ 1796923ms] [WARNING] The resource https://s.go-mpulse.net/boomerang/K9JYF-NA9GU-K758U-APJ5Q-E7LPJ was preloaded using link preload but not used within a few seconds from the window's load event. Please make sure it has an appropriate `as` value and it is preloaded intentionally. @ https://www.ysl.com/fr-fr:0
[ 1800442ms] [WARNING] The resource https://s.go-mpulse.net/boomerang/K9JYF-NA9GU-K758U-APJ5Q-E7LPJ was preloaded using link preload but not used within a few seconds from the window's load event. Please make sure it has an appropriate `as` value and it is preloaded intentionally. @ https://www.ysl.com/fr-fr:0
[ 1804026ms] [WARNING] The resource https://s.go-mpulse.net/boomerang/K9JYF-NA9GU-K758U-APJ5Q-E7LPJ was preloaded using link preload but not used within a few seconds from the window's load event. Please make sure it has an appropriate `as` value and it is preloaded intentionally. @ https://www.ysl.com/fr-fr:0
[ 1984029ms] [WARNING] The resource https://s.go-mpulse.net/boomerang/K9JYF-NA9GU-K758U-APJ5Q-E7LPJ was preloaded using link preload but not used within a few seconds from the window's load event. Please make sure it has an appropriate `as` value and it is preloaded intentionally. @ https://www.ysl.com/fr-fr:0
[ 2164026ms] [WARNING] The resource https://s.go-mpulse.net/boomerang/K9JYF-NA9GU-K758U-APJ5Q-E7LPJ was preloaded using link preload but not used within a few seconds from the window's load event. Please make sure it has an appropriate `as` value and it is preloaded intentionally. @ https://www.ysl.com/fr-fr:0
[ 2344012ms] [WARNING] The resource https://s.go-mpulse.net/boomerang/K9JYF-NA9GU-K758U-APJ5Q-E7LPJ was preloaded using link preload but not used within a few seconds from the window's load event. Please make sure it has an appropriate `as` value and it is preloaded intentionally. @ https://www.ysl.com/fr-fr:0
[ 2524036ms] [WARNING] The resource https://s.go-mpulse.net/boomerang/K9JYF-NA9GU-K758U-APJ5Q-E7LPJ was preloaded using link preload but not used within a few seconds from the window's load event. Please make sure it has an appropriate `as` value and it is preloaded intentionally. @ https://www.ysl.com/fr-fr:0
[ 2704028ms] [WARNING] The resource https://s.go-mpulse.net/boomerang/K9JYF-NA9GU-K758U-APJ5Q-E7LPJ was preloaded using link preload but not used within a few seconds from the window's load event. Please make sure it has an appropriate `as` value and it is preloaded intentionally. @ https://www.ysl.com/fr-fr:0
[ 2884031ms] [WARNING] The resource https://s.go-mpulse.net/boomerang/K9JYF-NA9GU-K758U-APJ5Q-E7LPJ was preloaded using link preload but not used within a few seconds from the window's load event. Please make sure it has an appropriate `as` value and it is preloaded intentionally. @ https://www.ysl.com/fr-fr:0
[ 3064028ms] [WARNING] The resource https://s.go-mpulse.net/boomerang/K9JYF-NA9GU-K758U-APJ5Q-E7LPJ was preloaded using link preload but not used within a few seconds from the window's load event. Please make sure it has an appropriate `as` value and it is preloaded intentionally. @ https://www.ysl.com/fr-fr:0
[ 3244033ms] [WARNING] The resource https://s.go-mpulse.net/boomerang/K9JYF-NA9GU-K758U-APJ5Q-E7LPJ was preloaded using link preload but not used within a few seconds from the window's load event. Please make sure it has an appropriate `as` value and it is preloaded intentionally. @ https://www.ysl.com/fr-fr:0
[ 3424021ms] [WARNING] The resource https://s.go-mpulse.net/boomerang/K9JYF-NA9GU-K758U-APJ5Q-E7LPJ was preloaded using link preload but not used within a few seconds from the window's load event. Please make sure it has an appropriate `as` value and it is preloaded intentionally. @ https://www.ysl.com/fr-fr:0
[ 3604019ms] [WARNING] The resource https://s.go-mpulse.net/boomerang/K9JYF-NA9GU-K758U-APJ5Q-E7LPJ was preloaded using link preload but not used within a few seconds from the window's load event. Please make sure it has an appropriate `as` value and it is preloaded intentionally. @ https://www.ysl.com/fr-fr:0
[ 3784029ms] [WARNING] The resource https://s.go-mpulse.net/boomerang/K9JYF-NA9GU-K758U-APJ5Q-E7LPJ was preloaded using link preload but not used within a few seconds from the window's load event. Please make sure it has an appropriate `as` value and it is preloaded intentionally. @ https://www.ysl.com/fr-fr:0
[ 3964024ms] [WARNING] The resource https://s.go-mpulse.net/boomerang/K9JYF-NA9GU-K758U-APJ5Q-E7LPJ was preloaded using link preload but not used within a few seconds from the window's load event. Please make sure it has an appropriate `as` value and it is preloaded intentionally. @ https://www.ysl.com/fr-fr:0
[ 4144021ms] [WARNING] The resource https://s.go-mpulse.net/boomerang/K9JYF-NA9GU-K758U-APJ5Q-E7LPJ was preloaded using link preload but not used within a few seconds from the window's load event. Please make sure it has an appropriate `as` value and it is preloaded intentionally. @ https://www.ysl.com/fr-fr:0
[ 4324028ms] [WARNING] The resource https://s.go-mpulse.net/boomerang/K9JYF-NA9GU-K758U-APJ5Q-E7LPJ was preloaded using link preload but not used within a few seconds from the window's load event. Please make sure it has an appropriate `as` value and it is preloaded intentionally. @ https://www.ysl.com/fr-fr:0
[ 4504021ms] [WARNING] The resource https://s.go-mpulse.net/boomerang/K9JYF-NA9GU-K758U-APJ5Q-E7LPJ was preloaded using link preload but not used within a few seconds from the window's load event. Please make sure it has an appropriate `as` value and it is preloaded intentionally. @ https://www.ysl.com/fr-fr:0
[ 4684019ms] [WARNING] The resource https://s.go-mpulse.net/boomerang/K9JYF-NA9GU-K758U-APJ5Q-E7LPJ was preloaded using link preload but not used within a few seconds from the window's load event. Please make sure it has an appropriate `as` value and it is preloaded intentionally. @ https://www.ysl.com/fr-fr:0
[ 4864020ms] [WARNING] The resource https://s.go-mpulse.net/boomerang/K9JYF-NA9GU-K758U-APJ5Q-E7LPJ was preloaded using link preload but not used within a few seconds from the window's load event. Please make sure it has an appropriate `as` value and it is preloaded intentionally. @ https://www.ysl.com/fr-fr:0
[ 5044019ms] [WARNING] The resource https://s.go-mpulse.net/boomerang/K9JYF-NA9GU-K758U-APJ5Q-E7LPJ was preloaded using link preload but not used within a few seconds from the window's load event. Please make sure it has an appropriate `as` value and it is preloaded intentionally. @ https://www.ysl.com/fr-fr:0
[ 5224020ms] [WARNING] The resource https://s.go-mpulse.net/boomerang/K9JYF-NA9GU-K758U-APJ5Q-E7LPJ was preloaded using link preload but not used within a few seconds from the window's load event. Please make sure it has an appropriate `as` value and it is preloaded intentionally. @ https://www.ysl.com/fr-fr:0
[ 5404034ms] [WARNING] The resource https://s.go-mpulse.net/boomerang/K9JYF-NA9GU-K758U-APJ5Q-E7LPJ was preloaded using link preload but not used within a few seconds from the window's load event. Please make sure it has an appropriate `as` value and it is preloaded intentionally. @ https://www.ysl.com/fr-fr:0
[ 5584031ms] [WARNING] The resource https://s.go-mpulse.net/boomerang/K9JYF-NA9GU-K758U-APJ5Q-E7LPJ was preloaded using link preload but not used within a few seconds from the window's load event. Please make sure it has an appropriate `as` value and it is preloaded intentionally. @ https://www.ysl.com/fr-fr:0
[ 5764021ms] [WARNING] The resource https://s.go-mpulse.net/boomerang/K9JYF-NA9GU-K758U-APJ5Q-E7LPJ was preloaded using link preload but not used within a few seconds from the window's load event. Please make sure it has an appropriate `as` value and it is preloaded intentionally. @ https://www.ysl.com/fr-fr:0
[ 5944051ms] [WARNING] The resource https://s.go-mpulse.net/boomerang/K9JYF-NA9GU-K758U-APJ5Q-E7LPJ was preloaded using link preload but not used within a few seconds from the window's load event. Please make sure it has an appropriate `as` value and it is preloaded intentionally. @ https://www.ysl.com/fr-fr:0
[ 6124027ms] [WARNING] The resource https://s.go-mpulse.net/boomerang/K9JYF-NA9GU-K758U-APJ5Q-E7LPJ was preloaded using link preload but not used within a few seconds from the window's load event. Please make sure it has an appropriate `as` value and it is preloaded intentionally. @ https://www.ysl.com/fr-fr:0
[ 6304039ms] [WARNING] The resource https://s.go-mpulse.net/boomerang/K9JYF-NA9GU-K758U-APJ5Q-E7LPJ was preloaded using link preload but not used within a few seconds from the window's load event. Please make sure it has an appropriate `as` value and it is preloaded intentionally. @ https://www.ysl.com/fr-fr:0
[ 6484039ms] [WARNING] The resource https://s.go-mpulse.net/boomerang/K9JYF-NA9GU-K758U-APJ5Q-E7LPJ was preloaded using link preload but not used within a few seconds from the window's load event. Please make sure it has an appropriate `as` value and it is preloaded intentionally. @ https://www.ysl.com/fr-fr:0
[ 6664030ms] [WARNING] The resource https://s.go-mpulse.net/boomerang/K9JYF-NA9GU-K758U-APJ5Q-E7LPJ was preloaded using link preload but not used within a few seconds from the window's load event. Please make sure it has an appropriate `as` value and it is preloaded intentionally. @ https://www.ysl.com/fr-fr:0
[ 6844020ms] [WARNING] The resource https://s.go-mpulse.net/boomerang/K9JYF-NA9GU-K758U-APJ5Q-E7LPJ was preloaded using link preload but not used within a few seconds from the window's load event. Please make sure it has an appropriate `as` value and it is preloaded intentionally. @ https://www.ysl.com/fr-fr:0
[ 7024016ms] [WARNING] The resource https://s.go-mpulse.net/boomerang/K9JYF-NA9GU-K758U-APJ5Q-E7LPJ was preloaded using link preload but not used within a few seconds from the window's load event. Please make sure it has an appropriate `as` value and it is preloaded intentionally. @ https://www.ysl.com/fr-fr:0
[ 7204034ms] [WARNING] The resource https://s.go-mpulse.net/boomerang/K9JYF-NA9GU-K758U-APJ5Q-E7LPJ was preloaded using link preload but not used within a few seconds from the window's load event. Please make sure it has an appropriate `as` value and it is preloaded intentionally. @ https://www.ysl.com/fr-fr:0
[ 7384037ms] [WARNING] The resource https://s.go-mpulse.net/boomerang/K9JYF-NA9GU-K758U-APJ5Q-E7LPJ was preloaded using link preload but not used within a few seconds from the window's load event. Please make sure it has an appropriate `as` value and it is preloaded intentionally. @ https://www.ysl.com/fr-fr:0
[ 7564033ms] [WARNING] The resource https://s.go-mpulse.net/boomerang/K9JYF-NA9GU-K758U-APJ5Q-E7LPJ was preloaded using link preload but not used within a few seconds from the window's load event. Please make sure it has an appropriate `as` value and it is preloaded intentionally. @ https://www.ysl.com/fr-fr:0
[ 7744029ms] [WARNING] The resource https://s.go-mpulse.net/boomerang/K9JYF-NA9GU-K758U-APJ5Q-E7LPJ was preloaded using link preload but not used within a few seconds from the window's load event. Please make sure it has an appropriate `as` value and it is preloaded intentionally. @ https://www.ysl.com/fr-fr:0
[ 7924033ms] [WARNING] The resource https://s.go-mpulse.net/boomerang/K9JYF-NA9GU-K758U-APJ5Q-E7LPJ was preloaded using link preload but not used within a few seconds from the window's load event. Please make sure it has an appropriate `as` value and it is preloaded intentionally. @ https://www.ysl.com/fr-fr:0
[ 8104030ms] [WARNING] The resource https://s.go-mpulse.net/boomerang/K9JYF-NA9GU-K758U-APJ5Q-E7LPJ was preloaded using link preload but not used within a few seconds from the window's load event. Please make sure it has an appropriate `as` value and it is preloaded intentionally. @ https://www.ysl.com/fr-fr:0
[ 8284052ms] [WARNING] The resource https://s.go-mpulse.net/boomerang/K9JYF-NA9GU-K758U-APJ5Q-E7LPJ was preloaded using link preload but not used within a few seconds from the window's load event. Please make sure it has an appropriate `as` value and it is preloaded intentionally. @ https://www.ysl.com/fr-fr:0
[ 8464031ms] [WARNING] The resource https://s.go-mpulse.net/boomerang/K9JYF-NA9GU-K758U-APJ5Q-E7LPJ was preloaded using link preload but not used within a few seconds from the window's load event. Please make sure it has an appropriate `as` value and it is preloaded intentionally. @ https://www.ysl.com/fr-fr:0
[ 8644018ms] [WARNING] The resource https://s.go-mpulse.net/boomerang/K9JYF-NA9GU-K758U-APJ5Q-E7LPJ was preloaded using link preload but not used within a few seconds from the window's load event. Please make sure it has an appropriate `as` value and it is preloaded intentionally. @ https://www.ysl.com/fr-fr:0
[ 8824032ms] [WARNING] The resource https://s.go-mpulse.net/boomerang/K9JYF-NA9GU-K758U-APJ5Q-E7LPJ was preloaded using link preload but not used within a few seconds from the window's load event. Please make sure it has an appropriate `as` value and it is preloaded intentionally. @ https://www.ysl.com/fr-fr:0
[ 9004042ms] [WARNING] The resource https://s.go-mpulse.net/boomerang/K9JYF-NA9GU-K758U-APJ5Q-E7LPJ was preloaded using link preload but not used within a few seconds from the window's load event. Please make sure it has an appropriate `as` value and it is preloaded intentionally. @ https://www.ysl.com/fr-fr:0
[ 9184026ms] [WARNING] The resource https://s.go-mpulse.net/boomerang/K9JYF-NA9GU-K758U-APJ5Q-E7LPJ was preloaded using link preload but not used within a few seconds from the window's load event. Please make sure it has an appropriate `as` value and it is preloaded intentionally. @ https://www.ysl.com/fr-fr:0
[ 9364054ms] [WARNING] The resource https://s.go-mpulse.net/boomerang/K9JYF-NA9GU-K758U-APJ5Q-E7LPJ was preloaded using link preload but not used within a few seconds from the window's load event. Please make sure it has an appropriate `as` value and it is preloaded intentionally. @ https://www.ysl.com/fr-fr:0
[ 9544035ms] [WARNING] The resource https://s.go-mpulse.net/boomerang/K9JYF-NA9GU-K758U-APJ5Q-E7LPJ was preloaded using link preload but not used within a few seconds from the window's load event. Please make sure it has an appropriate `as` value and it is preloaded intentionally. @ https://www.ysl.com/fr-fr:0
[ 9724026ms] [WARNING] The resource https://s.go-mpulse.net/boomerang/K9JYF-NA9GU-K758U-APJ5Q-E7LPJ was preloaded using link preload but not used within a few seconds from the window's load event. Please make sure it has an appropriate `as` value and it is preloaded intentionally. @ https://www.ysl.com/fr-fr:0
[ 9904017ms] [WARNING] The resource https://s.go-mpulse.net/boomerang/K9JYF-NA9GU-K758U-APJ5Q-E7LPJ was preloaded using link preload but not used within a few seconds from the window's load event. Please make sure it has an appropriate `as` value and it is preloaded intentionally. @ https://www.ysl.com/fr-fr:0
[10084031ms] [WARNING] The resource https://s.go-mpulse.net/boomerang/K9JYF-NA9GU-K758U-APJ5Q-E7LPJ was preloaded using link preload but not used within a few seconds from the window's load event. Please make sure it has an appropriate `as` value and it is preloaded intentionally. @ https://www.ysl.com/fr-fr:0
[10264038ms] [WARNING] The resource https://s.go-mpulse.net/boomerang/K9JYF-NA9GU-K758U-APJ5Q-E7LPJ was preloaded using link preload but not used within a few seconds from the window's load event. Please make sure it has an appropriate `as` value and it is preloaded intentionally. @ https://www.ysl.com/fr-fr:0
[10444024ms] [WARNING] The resource https://s.go-mpulse.net/boomerang/K9JYF-NA9GU-K758U-APJ5Q-E7LPJ was preloaded using link preload but not used within a few seconds from the window's load event. Please make sure it has an appropriate `as` value and it is preloaded intentionally. @ https://www.ysl.com/fr-fr:0
[10624033ms] [WARNING] The resource https://s.go-mpulse.net/boomerang/K9JYF-NA9GU-K758U-APJ5Q-E7LPJ was preloaded using link preload but not used within a few seconds from the window's load event. Please make sure it has an appropriate `as` value and it is preloaded intentionally. @ https://www.ysl.com/fr-fr:0
[10804022ms] [WARNING] The resource https://s.go-mpulse.net/boomerang/K9JYF-NA9GU-K758U-APJ5Q-E7LPJ was preloaded using link preload but not used within a few seconds from the window's load event. Please make sure it has an appropriate `as` value and it is preloaded intentionally. @ https://www.ysl.com/fr-fr:0
[10984032ms] [WARNING] The resource https://s.go-mpulse.net/boomerang/K9JYF-NA9GU-K758U-APJ5Q-E7LPJ was preloaded using link preload but not used within a few seconds from the window's load event. Please make sure it has an appropriate `as` value and it is preloaded intentionally. @ https://www.ysl.com/fr-fr:0
[11164034ms] [WARNING] The resource https://s.go-mpulse.net/boomerang/K9JYF-NA9GU-K758U-APJ5Q-E7LPJ was preloaded using link preload but not used within a few seconds from the window's load event. Please make sure it has an appropriate `as` value and it is preloaded intentionally. @ https://www.ysl.com/fr-fr:0
[11344033ms] [WARNING] The resource https://s.go-mpulse.net/boomerang/K9JYF-NA9GU-K758U-APJ5Q-E7LPJ was preloaded using link preload but not used within a few seconds from the window's load event. Please make sure it has an appropriate `as` value and it is preloaded intentionally. @ https://www.ysl.com/fr-fr:0
[11524046ms] [WARNING] The resource https://s.go-mpulse.net/boomerang/K9JYF-NA9GU-K758U-APJ5Q-E7LPJ was preloaded using link preload but not used within a few seconds from the window's load event. Please make sure it has an appropriate `as` value and it is preloaded intentionally. @ https://www.ysl.com/fr-fr:0
[11704073ms] [WARNING] The resource https://s.go-mpulse.net/boomerang/K9JYF-NA9GU-K758U-APJ5Q-E7LPJ was preloaded using link preload but not used within a few seconds from the window's load event. Please make sure it has an appropriate `as` value and it is preloaded intentionally. @ https://www.ysl.com/fr-fr:0
[11884086ms] [WARNING] The resource https://s.go-mpulse.net/boomerang/K9JYF-NA9GU-K758U-APJ5Q-E7LPJ was preloaded using link preload but not used within a few seconds from the window's load event. Please make sure it has an appropriate `as` value and it is preloaded intentionally. @ https://www.ysl.com/fr-fr:0
[12064083ms] [WARNING] The resource https://s.go-mpulse.net/boomerang/K9JYF-NA9GU-K758U-APJ5Q-E7LPJ was preloaded using link preload but not used within a few seconds from the window's load event. Please make sure it has an appropriate `as` value and it is preloaded intentionally. @ https://www.ysl.com/fr-fr:0
[12244121ms] [WARNING] The resource https://s.go-mpulse.net/boomerang/K9JYF-NA9GU-K758U-APJ5Q-E7LPJ was preloaded using link preload but not used within a few seconds from the window's load event. Please make sure it has an appropriate `as` value and it is preloaded intentionally. @ https://www.ysl.com/fr-fr:0
[12424123ms] [WARNING] The resource https://s.go-mpulse.net/boomerang/K9JYF-NA9GU-K758U-APJ5Q-E7LPJ was preloaded using link preload but not used within a few seconds from the window's load event. Please make sure it has an appropriate `as` value and it is preloaded intentionally. @ https://www.ysl.com/fr-fr:0
[12604115ms] [WARNING] The resource https://s.go-mpulse.net/boomerang/K9JYF-NA9GU-K758U-APJ5Q-E7LPJ was preloaded using link preload but not used within a few seconds from the window's load event. Please make sure it has an appropriate `as` value and it is preloaded intentionally. @ https://www.ysl.com/fr-fr:0
[12784132ms] [WARNING] The resource https://s.go-mpulse.net/boomerang/K9JYF-NA9GU-K758U-APJ5Q-E7LPJ was preloaded using link preload but not used within a few seconds from the window's load event. Please make sure it has an appropriate `as` value and it is preloaded intentionally. @ https://www.ysl.com/fr-fr:0
[12964152ms] [WARNING] The resource https://s.go-mpulse.net/boomerang/K9JYF-NA9GU-K758U-APJ5Q-E7LPJ was preloaded using link preload but not used within a few seconds from the window's load event. Please make sure it has an appropriate `as` value and it is preloaded intentionally. @ https://www.ysl.com/fr-fr:0
[13144166ms] [WARNING] The resource https://s.go-mpulse.net/boomerang/K9JYF-NA9GU-K758U-APJ5Q-E7LPJ was preloaded using link preload but not used within a few seconds from the window's load event. Please make sure it has an appropriate `as` value and it is preloaded intentionally. @ https://www.ysl.com/fr-fr:0
[13324173ms] [WARNING] The resource https://s.go-mpulse.net/boomerang/K9JYF-NA9GU-K758U-APJ5Q-E7LPJ was preloaded using link preload but not used within a few seconds from the window's load event. Please make sure it has an appropriate `as` value and it is preloaded intentionally. @ https://www.ysl.com/fr-fr:0
[13504179ms] [WARNING] The resource https://s.go-mpulse.net/boomerang/K9JYF-NA9GU-K758U-APJ5Q-E7LPJ was preloaded using link preload but not used within a few seconds from the window's load event. Please make sure it has an appropriate `as` value and it is preloaded intentionally. @ https://www.ysl.com/fr-fr:0
[13684184ms] [WARNING] The resource https://s.go-mpulse.net/boomerang/K9JYF-NA9GU-K758U-APJ5Q-E7LPJ was preloaded using link preload but not used within a few seconds from the window's load event. Please make sure it has an appropriate `as` value and it is preloaded intentionally. @ https://www.ysl.com/fr-fr:0
[13864195ms] [WARNING] The resource https://s.go-mpulse.net/boomerang/K9JYF-NA9GU-K758U-APJ5Q-E7LPJ was preloaded using link preload but not used within a few seconds from the window's load event. Please make sure it has an appropriate `as` value and it is preloaded intentionally. @ https://www.ysl.com/fr-fr:0
[14044203ms] [WARNING] The resource https://s.go-mpulse.net/boomerang/K9JYF-NA9GU-K758U-APJ5Q-E7LPJ was preloaded using link preload but not used within a few seconds from the window's load event. Please make sure it has an appropriate `as` value and it is preloaded intentionally. @ https://www.ysl.com/fr-fr:0
[14224230ms] [WARNING] The resource https://s.go-mpulse.net/boomerang/K9JYF-NA9GU-K758U-APJ5Q-E7LPJ was preloaded using link preload but not used within a few seconds from the window's load event. Please make sure it has an appropriate `as` value and it is preloaded intentionally. @ https://www.ysl.com/fr-fr:0
[14404218ms] [WARNING] The resource https://s.go-mpulse.net/boomerang/K9JYF-NA9GU-K758U-APJ5Q-E7LPJ was preloaded using link preload but not used within a few seconds from the window's load event. Please make sure it has an appropriate `as` value and it is preloaded intentionally. @ https://www.ysl.com/fr-fr:0
[14584218ms] [WARNING] The resource https://s.go-mpulse.net/boomerang/K9JYF-NA9GU-K758U-APJ5Q-E7LPJ was preloaded using link preload but not used within a few seconds from the window's load event. Please make sure it has an appropriate `as` value and it is preloaded intentionally. @ https://www.ysl.com/fr-fr:0
[14764255ms] [WARNING] The resource https://s.go-mpulse.net/boomerang/K9JYF-NA9GU-K758U-APJ5Q-E7LPJ was preloaded using link preload but not used within a few seconds from the window's load event. Please make sure it has an appropriate `as` value and it is preloaded intentionally. @ https://www.ysl.com/fr-fr:0
[14944222ms] [WARNING] The resource https://s.go-mpulse.net/boomerang/K9JYF-NA9GU-K758U-APJ5Q-E7LPJ was preloaded using link preload but not used within a few seconds from the window's load event. Please make sure it has an appropriate `as` value and it is preloaded intentionally. @ https://www.ysl.com/fr-fr:0
[15124242ms] [WARNING] The resource https://s.go-mpulse.net/boomerang/K9JYF-NA9GU-K758U-APJ5Q-E7LPJ was preloaded using link preload but not used within a few seconds from the window's load event. Please make sure it has an appropriate `as` value and it is preloaded intentionally. @ https://www.ysl.com/fr-fr:0
[15304239ms] [WARNING] The resource https://s.go-mpulse.net/boomerang/K9JYF-NA9GU-K758U-APJ5Q-E7LPJ was preloaded using link preload but not used within a few seconds from the window's load event. Please make sure it has an appropriate `as` value and it is preloaded intentionally. @ https://www.ysl.com/fr-fr:0
[15484236ms] [WARNING] The resource https://s.go-mpulse.net/boomerang/K9JYF-NA9GU-K758U-APJ5Q-E7LPJ was preloaded using link preload but not used within a few seconds from the window's load event. Please make sure it has an appropriate `as` value and it is preloaded intentionally. @ https://www.ysl.com/fr-fr:0
[15664248ms] [WARNING] The resource https://s.go-mpulse.net/boomerang/K9JYF-NA9GU-K758U-APJ5Q-E7LPJ was preloaded using link preload but not used within a few seconds from the window's load event. Please make sure it has an appropriate `as` value and it is preloaded intentionally. @ https://www.ysl.com/fr-fr:0
[15844249ms] [WARNING] The resource https://s.go-mpulse.net/boomerang/K9JYF-NA9GU-K758U-APJ5Q-E7LPJ was preloaded using link preload but not used within a few seconds from the window's load event. Please make sure it has an appropriate `as` value and it is preloaded intentionally. @ https://www.ysl.com/fr-fr:0
[16024251ms] [WARNING] The resource https://s.go-mpulse.net/boomerang/K9JYF-NA9GU-K758U-APJ5Q-E7LPJ was preloaded using link preload but not used within a few seconds from the window's load event. Please make sure it has an appropriate `as` value and it is preloaded intentionally. @ https://www.ysl.com/fr-fr:0
[16204281ms] [WARNING] The resource https://s.go-mpulse.net/boomerang/K9JYF-NA9GU-K758U-APJ5Q-E7LPJ was preloaded using link preload but not used within a few seconds from the window's load event. Please make sure it has an appropriate `as` value and it is preloaded intentionally. @ https://www.ysl.com/fr-fr:0
[16384258ms] [WARNING] The resource https://s.go-mpulse.net/boomerang/K9JYF-NA9GU-K758U-APJ5Q-E7LPJ was preloaded using link preload but not used within a few seconds from the window's load event. Please make sure it has an appropriate `as` value and it is preloaded intentionally. @ https://www.ysl.com/fr-fr:0
[16564272ms] [WARNING] The resource https://s.go-mpulse.net/boomerang/K9JYF-NA9GU-K758U-APJ5Q-E7LPJ was preloaded using link preload but not used within a few seconds from the window's load event. Please make sure it has an appropriate `as` value and it is preloaded intentionally. @ https://www.ysl.com/fr-fr:0
[16744308ms] [WARNING] The resource https://s.go-mpulse.net/boomerang/K9JYF-NA9GU-K758U-APJ5Q-E7LPJ was preloaded using link preload but not used within a few seconds from the window's load event. Please make sure it has an appropriate `as` value and it is preloaded intentionally. @ https://www.ysl.com/fr-fr:0
[16924325ms] [WARNING] The resource https://s.go-mpulse.net/boomerang/K9JYF-NA9GU-K758U-APJ5Q-E7LPJ was preloaded using link preload but not used within a few seconds from the window's load event. Please make sure it has an appropriate `as` value and it is preloaded intentionally. @ https://www.ysl.com/fr-fr:0
[17104271ms] [WARNING] The resource https://s.go-mpulse.net/boomerang/K9JYF-NA9GU-K758U-APJ5Q-E7LPJ was preloaded using link preload but not used within a few seconds from the window's load event. Please make sure it has an appropriate `as` value and it is preloaded intentionally. @ https://www.ysl.com/fr-fr:0
[17284273ms] [WARNING] The resource https://s.go-mpulse.net/boomerang/K9JYF-NA9GU-K758U-APJ5Q-E7LPJ was preloaded using link preload but not used within a few seconds from the window's load event. Please make sure it has an appropriate `as` value and it is preloaded intentionally. @ https://www.ysl.com/fr-fr:0
[72610342ms] [WARNING] The resource https://s.go-mpulse.net/boomerang/K9JYF-NA9GU-K758U-APJ5Q-E7LPJ was preloaded using link preload but not used within a few seconds from the window's load event. Please make sure it has an appropriate `as` value and it is preloaded intentionally. @ https://www.ysl.com/fr-fr:0
[72790368ms] [WARNING] The resource https://s.go-mpulse.net/boomerang/K9JYF-NA9GU-K758U-APJ5Q-E7LPJ was preloaded using link preload but not used within a few seconds from the window's load event. Please make sure it has an appropriate `as` value and it is preloaded intentionally. @ https://www.ysl.com/fr-fr:0
[72970352ms] [WARNING] The resource https://s.go-mpulse.net/boomerang/K9JYF-NA9GU-K758U-APJ5Q-E7LPJ was preloaded using link preload but not used within a few seconds from the window's load event. Please make sure it has an appropriate `as` value and it is preloaded intentionally. @ https://www.ysl.com/fr-fr:0
[73150352ms] [WARNING] The resource https://s.go-mpulse.net/boomerang/K9JYF-NA9GU-K758U-APJ5Q-E7LPJ was preloaded using link preload but not used within a few seconds from the window's load event. Please make sure it has an appropriate `as` value and it is preloaded intentionally. @ https://www.ysl.com/fr-fr:0
[73330341ms] [WARNING] The resource https://s.go-mpulse.net/boomerang/K9JYF-NA9GU-K758U-APJ5Q-E7LPJ was preloaded using link preload but not used within a few seconds from the window's load event. Please make sure it has an appropriate `as` value and it is preloaded intentionally. @ https://www.ysl.com/fr-fr:0
[73510347ms] [WARNING] The resource https://s.go-mpulse.net/boomerang/K9JYF-NA9GU-K758U-APJ5Q-E7LPJ was preloaded using link preload but not used within a few seconds from the window's load event. Please make sure it has an appropriate `as` value and it is preloaded intentionally. @ https://www.ysl.com/fr-fr:0
[73690347ms] [WARNING] The resource https://s.go-mpulse.net/boomerang/K9JYF-NA9GU-K758U-APJ5Q-E7LPJ was preloaded using link preload but not used within a few seconds from the window's load event. Please make sure it has an appropriate `as` value and it is preloaded intentionally. @ https://www.ysl.com/fr-fr:0
[73870362ms] [WARNING] The resource https://s.go-mpulse.net/boomerang/K9JYF-NA9GU-K758U-APJ5Q-E7LPJ was preloaded using link preload but not used within a few seconds from the window's load event. Please make sure it has an appropriate `as` value and it is preloaded intentionally. @ https://www.ysl.com/fr-fr:0
[74050347ms] [WARNING] The resource https://s.go-mpulse.net/boomerang/K9JYF-NA9GU-K758U-APJ5Q-E7LPJ was preloaded using link preload but not used within a few seconds from the window's load event. Please make sure it has an appropriate `as` value and it is preloaded intentionally. @ https://www.ysl.com/fr-fr:0
[74230345ms] [WARNING] The resource https://s.go-mpulse.net/boomerang/K9JYF-NA9GU-K758U-APJ5Q-E7LPJ was preloaded using link preload but not used within a few seconds from the window's load event. Please make sure it has an appropriate `as` value and it is preloaded intentionally. @ https://www.ysl.com/fr-fr:0
[74410339ms] [WARNING] The resource https://s.go-mpulse.net/boomerang/K9JYF-NA9GU-K758U-APJ5Q-E7LPJ was preloaded using link preload but not used within a few seconds from the window's load event. Please make sure it has an appropriate `as` value and it is preloaded intentionally. @ https://www.ysl.com/fr-fr:0
[74590353ms] [WARNING] The resource https://s.go-mpulse.net/boomerang/K9JYF-NA9GU-K758U-APJ5Q-E7LPJ was preloaded using link preload but not used within a few seconds from the window's load event. Please make sure it has an appropriate `as` value and it is preloaded intentionally. @ https://www.ysl.com/fr-fr:0
[74770349ms] [WARNING] The resource https://s.go-mpulse.net/boomerang/K9JYF-NA9GU-K758U-APJ5Q-E7LPJ was preloaded using link preload but not used within a few seconds from the window's load event. Please make sure it has an appropriate `as` value and it is preloaded intentionally. @ https://www.ysl.com/fr-fr:0
[74950343ms] [WARNING] The resource https://s.go-mpulse.net/boomerang/K9JYF-NA9GU-K758U-APJ5Q-E7LPJ was preloaded using link preload but not used within a few seconds from the window's load event. Please make sure it has an appropriate `as` value and it is preloaded intentionally. @ https://www.ysl.com/fr-fr:0
[75130346ms] [WARNING] The resource https://s.go-mpulse.net/boomerang/K9JYF-NA9GU-K758U-APJ5Q-E7LPJ was preloaded using link preload but not used within a few seconds from the window's load event. Please make sure it has an appropriate `as` value and it is preloaded intentionally. @ https://www.ysl.com/fr-fr:0
[75310349ms] [WARNING] The resource https://s.go-mpulse.net/boomerang/K9JYF-NA9GU-K758U-APJ5Q-E7LPJ was preloaded using link preload but not used within a few seconds from the window's load event. Please make sure it has an appropriate `as` value and it is preloaded intentionally. @ https://www.ysl.com/fr-fr:0
[75490345ms] [WARNING] The resource https://s.go-mpulse.net/boomerang/K9JYF-NA9GU-K758U-APJ5Q-E7LPJ was preloaded using link preload but not used within a few seconds from the window's load event. Please make sure it has an appropriate `as` value and it is preloaded intentionally. @ https://www.ysl.com/fr-fr:0
[75670347ms] [WARNING] The resource https://s.go-mpulse.net/boomerang/K9JYF-NA9GU-K758U-APJ5Q-E7LPJ was preloaded using link preload but not used within a few seconds from the window's load event. Please make sure it has an appropriate `as` value and it is preloaded intentionally. @ https://www.ysl.com/fr-fr:0
[75850338ms] [WARNING] The resource https://s.go-mpulse.net/boomerang/K9JYF-NA9GU-K758U-APJ5Q-E7LPJ was preloaded using link preload but not used within a few seconds from the window's load event. Please make sure it has an appropriate `as` value and it is preloaded intentionally. @ https://www.ysl.com/fr-fr:0
[76030359ms] [WARNING] The resource https://s.go-mpulse.net/boomerang/K9JYF-NA9GU-K758U-APJ5Q-E7LPJ was preloaded using link preload but not used within a few seconds from the window's load event. Please make sure it has an appropriate `as` value and it is preloaded intentionally. @ https://www.ysl.com/fr-fr:0
[76210355ms] [WARNING] The resource https://s.go-mpulse.net/boomerang/K9JYF-NA9GU-K758U-APJ5Q-E7LPJ was preloaded using link preload but not used within a few seconds from the window's load event. Please make sure it has an appropriate `as` value and it is preloaded intentionally. @ https://www.ysl.com/fr-fr:0
[76390350ms] [WARNING] The resource https://s.go-mpulse.net/boomerang/K9JYF-NA9GU-K758U-APJ5Q-E7LPJ was preloaded using link preload but not used within a few seconds from the window's load event. Please make sure it has an appropriate `as` value and it is preloaded intentionally. @ https://www.ysl.com/fr-fr:0
[76570349ms] [WARNING] The resource https://s.go-mpulse.net/boomerang/K9JYF-NA9GU-K758U-APJ5Q-E7LPJ was preloaded using link preload but not used within a few seconds from the window's load event. Please make sure it has an appropriate `as` value and it is preloaded intentionally. @ https://www.ysl.com/fr-fr:0
[76750355ms] [WARNING] The resource https://s.go-mpulse.net/boomerang/K9JYF-NA9GU-K758U-APJ5Q-E7LPJ was preloaded using link preload but not used within a few seconds from the window's load event. Please make sure it has an appropriate `as` value and it is preloaded intentionally. @ https://www.ysl.com/fr-fr:0
[76930350ms] [WARNING] The resource https://s.go-mpulse.net/boomerang/K9JYF-NA9GU-K758U-APJ5Q-E7LPJ was preloaded using link preload but not used within a few seconds from the window's load event. Please make sure it has an appropriate `as` value and it is preloaded intentionally. @ https://www.ysl.com/fr-fr:0
[77110360ms] [WARNING] The resource https://s.go-mpulse.net/boomerang/K9JYF-NA9GU-K758U-APJ5Q-E7LPJ was preloaded using link preload but not used within a few seconds from the window's load event. Please make sure it has an appropriate `as` value and it is preloaded intentionally. @ https://www.ysl.com/fr-fr:0
[77290345ms] [WARNING] The resource https://s.go-mpulse.net/boomerang/K9JYF-NA9GU-K758U-APJ5Q-E7LPJ was preloaded using link preload but not used within a few seconds from the window's load event. Please make sure it has an appropriate `as` value and it is preloaded intentionally. @ https://www.ysl.com/fr-fr:0
[77470347ms] [WARNING] The resource https://s.go-mpulse.net/boomerang/K9JYF-NA9GU-K758U-APJ5Q-E7LPJ was preloaded using link preload but not used within a few seconds from the window's load event. Please make sure it has an appropriate `as` value and it is preloaded intentionally. @ https://www.ysl.com/fr-fr:0
[77650355ms] [WARNING] The resource https://s.go-mpulse.net/boomerang/K9JYF-NA9GU-K758U-APJ5Q-E7LPJ was preloaded using link preload but not used within a few seconds from the window's load event. Please make sure it has an appropriate `as` value and it is preloaded intentionally. @ https://www.ysl.com/fr-fr:0
[77830352ms] [WARNING] The resource https://s.go-mpulse.net/boomerang/K9JYF-NA9GU-K758U-APJ5Q-E7LPJ was preloaded using link preload but not used within a few seconds from the window's load event. Please make sure it has an appropriate `as` value and it is preloaded intentionally. @ https://www.ysl.com/fr-fr:0
[78010339ms] [WARNING] The resource https://s.go-mpulse.net/boomerang/K9JYF-NA9GU-K758U-APJ5Q-E7LPJ was preloaded using link preload but not used within a few seconds from the window's load event. Please make sure it has an appropriate `as` value and it is preloaded intentionally. @ https://www.ysl.com/fr-fr:0
[78190354ms] [WARNING] The resource https://s.go-mpulse.net/boomerang/K9JYF-NA9GU-K758U-APJ5Q-E7LPJ was preloaded using link preload but not used within a few seconds from the window's load event. Please make sure it has an appropriate `as` value and it is preloaded intentionally. @ https://www.ysl.com/fr-fr:0
[78370356ms] [WARNING] The resource https://s.go-mpulse.net/boomerang/K9JYF-NA9GU-K758U-APJ5Q-E7LPJ was preloaded using link preload but not used within a few seconds from the window's load event. Please make sure it has an appropriate `as` value and it is preloaded intentionally. @ https://www.ysl.com/fr-fr:0
[78550352ms] [WARNING] The resource https://s.go-mpulse.net/boomerang/K9JYF-NA9GU-K758U-APJ5Q-E7LPJ was preloaded using link preload but not used within a few seconds from the window's load event. Please make sure it has an appropriate `as` value and it is preloaded intentionally. @ https://www.ysl.com/fr-fr:0
[78730351ms] [WARNING] The resource https://s.go-mpulse.net/boomerang/K9JYF-NA9GU-K758U-APJ5Q-E7LPJ was preloaded using link preload but not used within a few seconds from the window's load event. Please make sure it has an appropriate `as` value and it is preloaded intentionally. @ https://www.ysl.com/fr-fr:0
[78910344ms] [WARNING] The resource https://s.go-mpulse.net/boomerang/K9JYF-NA9GU-K758U-APJ5Q-E7LPJ was preloaded using link preload but not used within a few seconds from the window's load event. Please make sure it has an appropriate `as` value and it is preloaded intentionally. @ https://www.ysl.com/fr-fr:0
[79090342ms] [WARNING] The resource https://s.go-mpulse.net/boomerang/K9JYF-NA9GU-K758U-APJ5Q-E7LPJ was preloaded using link preload but not used within a few seconds from the window's load event. Please make sure it has an appropriate `as` value and it is preloaded intentionally. @ https://www.ysl.com/fr-fr:0
[79270357ms] [WARNING] The resource https://s.go-mpulse.net/boomerang/K9JYF-NA9GU-K758U-APJ5Q-E7LPJ was preloaded using link preload but not used within a few seconds from the window's load event. Please make sure it has an appropriate `as` value and it is preloaded intentionally. @ https://www.ysl.com/fr-fr:0
[79450341ms] [WARNING] The resource https://s.go-mpulse.net/boomerang/K9JYF-NA9GU-K758U-APJ5Q-E7LPJ was preloaded using link preload but not used within a few seconds from the window's load event. Please make sure it has an appropriate `as` value and it is preloaded intentionally. @ https://www.ysl.com/fr-fr:0
[79630352ms] [WARNING] The resource https://s.go-mpulse.net/boomerang/K9JYF-NA9GU-K758U-APJ5Q-E7LPJ was preloaded using link preload but not used within a few seconds from the window's load event. Please make sure it has an appropriate `as` value and it is preloaded intentionally. @ https://www.ysl.com/fr-fr:0
[79810347ms] [WARNING] The resource https://s.go-mpulse.net/boomerang/K9JYF-NA9GU-K758U-APJ5Q-E7LPJ was preloaded using link preload but not used within a few seconds from the window's load event. Please make sure it has an appropriate `as` value and it is preloaded intentionally. @ https://www.ysl.com/fr-fr:0
[79990344ms] [WARNING] The resource https://s.go-mpulse.net/boomerang/K9JYF-NA9GU-K758U-APJ5Q-E7LPJ was preloaded using link preload but not used within a few seconds from the window's load event. Please make sure it has an appropriate `as` value and it is preloaded intentionally. @ https://www.ysl.com/fr-fr:0
[80170343ms] [WARNING] The resource https://s.go-mpulse.net/boomerang/K9JYF-NA9GU-K758U-APJ5Q-E7LPJ was preloaded using link preload but not used within a few seconds from the window's load event. Please make sure it has an appropriate `as` value and it is preloaded intentionally. @ https://www.ysl.com/fr-fr:0
[80350362ms] [WARNING] The resource https://s.go-mpulse.net/boomerang/K9JYF-NA9GU-K758U-APJ5Q-E7LPJ was preloaded using link preload but not used within a few seconds from the window's load event. Please make sure it has an appropriate `as` value and it is preloaded intentionally. @ https://www.ysl.com/fr-fr:0
[80530342ms] [WARNING] The resource https://s.go-mpulse.net/boomerang/K9JYF-NA9GU-K758U-APJ5Q-E7LPJ was preloaded using link preload but not used within a few seconds from the window's load event. Please make sure it has an appropriate `as` value and it is preloaded intentionally. @ https://www.ysl.com/fr-fr:0
[80710356ms] [WARNING] The resource https://s.go-mpulse.net/boomerang/K9JYF-NA9GU-K758U-APJ5Q-E7LPJ was preloaded using link preload but not used within a few seconds from the window's load event. Please make sure it has an appropriate `as` value and it is preloaded intentionally. @ https://www.ysl.com/fr-fr:0
[80890344ms] [WARNING] The resource https://s.go-mpulse.net/boomerang/K9JYF-NA9GU-K758U-APJ5Q-E7LPJ was preloaded using link preload but not used within a few seconds from the window's load event. Please make sure it has an appropriate `as` value and it is preloaded intentionally. @ https://www.ysl.com/fr-fr:0
[81070348ms] [WARNING] The resource https://s.go-mpulse.net/boomerang/K9JYF-NA9GU-K758U-APJ5Q-E7LPJ was preloaded using link preload but not used within a few seconds from the window's load event. Please make sure it has an appropriate `as` value and it is preloaded intentionally. @ https://www.ysl.com/fr-fr:0
[81250343ms] [WARNING] The resource https://s.go-mpulse.net/boomerang/K9JYF-NA9GU-K758U-APJ5Q-E7LPJ was preloaded using link preload but not used within a few seconds from the window's load event. Please make sure it has an appropriate `as` value and it is preloaded intentionally. @ https://www.ysl.com/fr-fr:0
[81430336ms] [WARNING] The resource https://s.go-mpulse.net/boomerang/K9JYF-NA9GU-K758U-APJ5Q-E7LPJ was preloaded using link preload but not used within a few seconds from the window's load event. Please make sure it has an appropriate `as` value and it is preloaded intentionally. @ https://www.ysl.com/fr-fr:0
[81610346ms] [WARNING] The resource https://s.go-mpulse.net/boomerang/K9JYF-NA9GU-K758U-APJ5Q-E7LPJ was preloaded using link preload but not used within a few seconds from the window's load event. Please make sure it has an appropriate `as` value and it is preloaded intentionally. @ https://www.ysl.com/fr-fr:0
[81790362ms] [WARNING] The resource https://s.go-mpulse.net/boomerang/K9JYF-NA9GU-K758U-APJ5Q-E7LPJ was preloaded using link preload but not used within a few seconds from the window's load event. Please make sure it has an appropriate `as` value and it is preloaded intentionally. @ https://www.ysl.com/fr-fr:0
[81970353ms] [WARNING] The resource https://s.go-mpulse.net/boomerang/K9JYF-NA9GU-K758U-APJ5Q-E7LPJ was preloaded using link preload but not used within a few seconds from the window's load event. Please make sure it has an appropriate `as` value and it is preloaded intentionally. @ https://www.ysl.com/fr-fr:0
[82150351ms] [WARNING] The resource https://s.go-mpulse.net/boomerang/K9JYF-NA9GU-K758U-APJ5Q-E7LPJ was preloaded using link preload but not used within a few seconds from the window's load event. Please make sure it has an appropriate `as` value and it is preloaded intentionally. @ https://www.ysl.com/fr-fr:0
[82330346ms] [WARNING] The resource https://s.go-mpulse.net/boomerang/K9JYF-NA9GU-K758U-APJ5Q-E7LPJ was preloaded using link preload but not used within a few seconds from the window's load event. Please make sure it has an appropriate `as` value and it is preloaded intentionally. @ https://www.ysl.com/fr-fr:0
[82510332ms] [WARNING] The resource https://s.go-mpulse.net/boomerang/K9JYF-NA9GU-K758U-APJ5Q-E7LPJ was preloaded using link preload but not used within a few seconds from the window's load event. Please make sure it has an appropriate `as` value and it is preloaded intentionally. @ https://www.ysl.com/fr-fr:0
[82690345ms] [WARNING] The resource https://s.go-mpulse.net/boomerang/K9JYF-NA9GU-K758U-APJ5Q-E7LPJ was preloaded using link preload but not used within a few seconds from the window's load event. Please make sure it has an appropriate `as` value and it is preloaded intentionally. @ https://www.ysl.com/fr-fr:0
[82870349ms] [WARNING] The resource https://s.go-mpulse.net/boomerang/K9JYF-NA9GU-K758U-APJ5Q-E7LPJ was preloaded using link preload but not used within a few seconds from the window's load event. Please make sure it has an appropriate `as` value and it is preloaded intentionally. @ https://www.ysl.com/fr-fr:0
[83050354ms] [WARNING] The resource https://s.go-mpulse.net/boomerang/K9JYF-NA9GU-K758U-APJ5Q-E7LPJ was preloaded using link preload but not used within a few seconds from the window's load event. Please make sure it has an appropriate `as` value and it is preloaded intentionally. @ https://www.ysl.com/fr-fr:0
[83230345ms] [WARNING] The resource https://s.go-mpulse.net/boomerang/K9JYF-NA9GU-K758U-APJ5Q-E7LPJ was preloaded using link preload but not used within a few seconds from the window's load event. Please make sure it has an appropriate `as` value and it is preloaded intentionally. @ https://www.ysl.com/fr-fr:0
[83410351ms] [WARNING] The resource https://s.go-mpulse.net/boomerang/K9JYF-NA9GU-K758U-APJ5Q-E7LPJ was preloaded using link preload but not used within a few seconds from the window's load event. Please make sure it has an appropriate `as` value and it is preloaded intentionally. @ https://www.ysl.com/fr-fr:0
[162125536ms] [ERROR] Failed to load resource: net::ERR_NAME_NOT_RESOLVED @ https://tr6.snapchat.com/p:0
[162128544ms] [WARNING] The resource https://s.go-mpulse.net/boomerang/K9JYF-NA9GU-K758U-APJ5Q-E7LPJ was preloaded using link preload but not used within a few seconds from the window's load event. Please make sure it has an appropriate `as` value and it is preloaded intentionally. @ https://www.ysl.com/fr-fr:0
[162249167ms] [WARNING] The resource https://s.go-mpulse.net/boomerang/K9JYF-NA9GU-K758U-APJ5Q-E7LPJ was preloaded using link preload but not used within a few seconds from the window's load event. Please make sure it has an appropriate `as` value and it is preloaded intentionally. @ https://www.ysl.com/fr-fr:0
