[      68ms] [ERROR] Ignoring duplicate Content-Security-Policy directive 'worker-src'. @ https://www.ysl.com/fr-fr:0
[     149ms] [ERROR] Failed to load resource: the server responded with a status of 404 () @ https://s.go-mpulse.net/boomerang/K9JYF-NA9GU-K758U-APJ5Q-E7LPJ:0
[     238ms] [ERROR] Ignoring duplicate Content-Security-Policy directive 'worker-src'. @ https://www.ysl.com/fr-fr:269
[     239ms] [ERROR] Ignoring duplicate Content-Security-Policy directive 'worker-src'. @ https://www.ysl.com/fr-fr:269
[     330ms] [ERROR] Failed to load resource: the server responded with a status of 404 () @ https://s.go-mpulse.net/boomerang/K9JYF-NA9GU-K758U-APJ5Q-E7LPJ:0
[     330ms] [ERROR] Failed to load resource: the server responded with a status of 404 () @ https://api.cappasity.com/api/player/cappasity-ai:0
[     515ms] [ERROR] Ignoring duplicate Content-Security-Policy directive 'worker-src'. @ https://cdn.cookielaw.org/scripttemplates/202604.1.0/otBannerSdk.js:6
[     515ms] [ERROR] Ignoring duplicate Content-Security-Policy directive 'worker-src'. @ https://cdn.cookielaw.org/scripttemplates/202604.1.0/otBannerSdk.js:6
[     517ms] [ERROR] Ignoring duplicate Content-Security-Policy directive 'worker-src'. @ https://cdn.cookielaw.org/scripttemplates/202604.1.0/otBannerSdk.js:6
[     518ms] [ERROR] Ignoring duplicate Content-Security-Policy directive 'worker-src'. @ https://cdn.cookielaw.org/scripttemplates/202604.1.0/otBannerSdk.js:6
[     603ms] [ERROR] Ignoring duplicate Content-Security-Policy directive 'worker-src'. @ https://cdn.quantummetric.com/qscripts/quantum-ysl.js:72
[     603ms] [ERROR] Ignoring duplicate Content-Security-Policy directive 'worker-src'. @ https://cdn.quantummetric.com/qscripts/quantum-ysl.js:72
[     787ms] [ERROR] Ignoring duplicate Content-Security-Policy directive 'worker-src'. @ https://sc-static.net/scevent.min.js:1
[     892ms] [ERROR] Ignoring duplicate Content-Security-Policy directive 'worker-src'. @ https://www.googletagmanager.com/gtag/js?id=G-123456&cx=c&gtm=4e64t1:129
[     892ms] [ERROR] Ignoring duplicate Content-Security-Policy directive 'worker-src'. @ https://www.googletagmanager.com/gtag/js?id=G-123456&cx=c&gtm=4e64t1:129
[     894ms] [ERROR] Ignoring duplicate Content-Security-Policy directive 'worker-src'. @ https://www.googletagmanager.com/gtag/js?id=G-123456&cx=c&gtm=4e64t1:686
[     967ms] [ERROR] Ignoring duplicate Content-Security-Policy directive 'worker-src'. @ https://www.googletagmanager.com/gtag/js?id=DC-4569009&cx=c&gtm=4e64t1:132
[     968ms] [ERROR] Ignoring duplicate Content-Security-Policy directive 'worker-src'. @ https://www.googletagmanager.com/gtag/js?id=DC-4569009&cx=c&gtm=4e64t1:132
[    1235ms] [ERROR] Ignoring duplicate Content-Security-Policy directive 'worker-src'. @ https://assets.bounceexchange.com/assets/smart-tag/versioned/main-v2_a8cb9255306dcf234ccb7ceb0a60d76f.br.js:1
[    1343ms] [ERROR] Failed to load resource: the server responded with a status of 404 () @ https://s.go-mpulse.net/boomerang/A95LV-6TTAK-UYDA2-EFFSR-VFSSZ:0
[    1346ms] [ERROR] Failed to load resource: the server responded with a status of 404 () @ https://s.go-mpulse.net/boomerang/A95LV-6TTAK-UYDA2-EFFSR-VFSSZ:0
[    2646ms] [ERROR] Ignoring duplicate Content-Security-Policy directive 'worker-src'. @ https://s.pinimg.com/ct/lib/main.8bbbbe54.js:0
[    3942ms] [ERROR] Access to CSS stylesheet at 'https://eu3-cdn.inside-graph.com/ig.css?dev=1&_996bfc2e3d-139951' from origin 'https://www.ysl.com' has been blocked by CORS policy: No 'Access-Control-Allow-Origin' header is present on the requested resource. @ about:blank:0
[    3942ms] [ERROR] Failed to load resource: net::ERR_FAILED @ https://eu3-cdn.inside-graph.com/ig.css?dev=1&_996bfc2e3d-139951:0
[    4019ms] [LOG] front.js => connectedToInside @ https://cdn.quantummetric.com/qscripts/quantum-ysl.js:120
[    4027ms] [ERROR] Access to CSS stylesheet at 'https://eu3-cdn.inside-graph.com/custom/3-customGeneralInside.css?1775223569447' from origin 'https://www.ysl.com' has been blocked by CORS policy: No 'Access-Control-Allow-Origin' header is present on the requested resource. @ about:blank:0
[    4027ms] [ERROR] Failed to load resource: net::ERR_FAILED @ https://eu3-cdn.inside-graph.com/custom/3-customGeneralInside.css?1775223569447:0
[    4359ms] [WARNING] The resource https://s.go-mpulse.net/boomerang/A95LV-6TTAK-UYDA2-EFFSR-VFSSZ was preloaded using link preload but not used within a few seconds from the window's load event. Please make sure it has an appropriate `as` value and it is preloaded intentionally. @ https://sskering.ysl.com/_/service_worker/63b0/sw_iframe.html?origin=https%3A%2F%2Fwww.ysl.com&1p=1:0
[    9375ms] [WARNING] The resource https://s.go-mpulse.net/boomerang/K9JYF-NA9GU-K758U-APJ5Q-E7LPJ was preloaded using link preload but not used within a few seconds from the window's load event. Please make sure it has an appropriate `as` value and it is preloaded intentionally. @ https://www.ysl.com/fr-fr:0
[   16355ms] [WARNING] The resource https://s.go-mpulse.net/boomerang/K9JYF-NA9GU-K758U-APJ5Q-E7LPJ was preloaded using link preload but not used within a few seconds from the window's load event. Please make sure it has an appropriate `as` value and it is preloaded intentionally. @ https://www.ysl.com/fr-fr:0
[   19862ms] [WARNING] The resource https://s.go-mpulse.net/boomerang/K9JYF-NA9GU-K758U-APJ5Q-E7LPJ was preloaded using link preload but not used within a few seconds from the window's load event. Please make sure it has an appropriate `as` value and it is preloaded intentionally. @ https://www.ysl.com/fr-fr:0
[   26899ms] [WARNING] The resource https://s.go-mpulse.net/boomerang/K9JYF-NA9GU-K758U-APJ5Q-E7LPJ was preloaded using link preload but not used within a few seconds from the window's load event. Please make sure it has an appropriate `as` value and it is preloaded intentionally. @ https://www.ysl.com/fr-fr:0
[   34081ms] [WARNING] The resource https://s.go-mpulse.net/boomerang/K9JYF-NA9GU-K758U-APJ5Q-E7LPJ was preloaded using link preload but not used within a few seconds from the window's load event. Please make sure it has an appropriate `as` value and it is preloaded intentionally. @ https://www.ysl.com/fr-fr:0
[   37750ms] [WARNING] The resource https://s.go-mpulse.net/boomerang/K9JYF-NA9GU-K758U-APJ5Q-E7LPJ was preloaded using link preload but not used within a few seconds from the window's load event. Please make sure it has an appropriate `as` value and it is preloaded intentionally. @ https://www.ysl.com/fr-fr:0
[   40895ms] [WARNING] The resource https://s.go-mpulse.net/boomerang/K9JYF-NA9GU-K758U-APJ5Q-E7LPJ was preloaded using link preload but not used within a few seconds from the window's load event. Please make sure it has an appropriate `as` value and it is preloaded intentionally. @ https://www.ysl.com/fr-fr:0
[   44405ms] [WARNING] The resource https://s.go-mpulse.net/boomerang/K9JYF-NA9GU-K758U-APJ5Q-E7LPJ was preloaded using link preload but not used within a few seconds from the window's load event. Please make sure it has an appropriate `as` value and it is preloaded intentionally. @ https://www.ysl.com/fr-fr:0
[   47920ms] [WARNING] The resource https://s.go-mpulse.net/boomerang/K9JYF-NA9GU-K758U-APJ5Q-E7LPJ was preloaded using link preload but not used within a few seconds from the window's load event. Please make sure it has an appropriate `as` value and it is preloaded intentionally. @ https://www.ysl.com/fr-fr:0
[   54967ms] [WARNING] The resource https://s.go-mpulse.net/boomerang/K9JYF-NA9GU-K758U-APJ5Q-E7LPJ was preloaded using link preload but not used within a few seconds from the window's load event. Please make sure it has an appropriate `as` value and it is preloaded intentionally. @ https://www.ysl.com/fr-fr:0
[   65850ms] [WARNING] The resource https://s.go-mpulse.net/boomerang/K9JYF-NA9GU-K758U-APJ5Q-E7LPJ was preloaded using link preload but not used within a few seconds from the window's load event. Please make sure it has an appropriate `as` value and it is preloaded intentionally. @ https://www.ysl.com/fr-fr:0
[   72500ms] [WARNING] The resource https://s.go-mpulse.net/boomerang/K9JYF-NA9GU-K758U-APJ5Q-E7LPJ was preloaded using link preload but not used within a few seconds from the window's load event. Please make sure it has an appropriate `as` value and it is preloaded intentionally. @ https://www.ysl.com/fr-fr:0
[   75999ms] [WARNING] The resource https://s.go-mpulse.net/boomerang/K9JYF-NA9GU-K758U-APJ5Q-E7LPJ was preloaded using link preload but not used within a few seconds from the window's load event. Please make sure it has an appropriate `as` value and it is preloaded intentionally. @ https://www.ysl.com/fr-fr:0
[   79507ms] [WARNING] The resource https://s.go-mpulse.net/boomerang/K9JYF-NA9GU-K758U-APJ5Q-E7LPJ was preloaded using link preload but not used within a few seconds from the window's load event. Please make sure it has an appropriate `as` value and it is preloaded intentionally. @ https://www.ysl.com/fr-fr:0
[   83032ms] [WARNING] The resource https://s.go-mpulse.net/boomerang/K9JYF-NA9GU-K758U-APJ5Q-E7LPJ was preloaded using link preload but not used within a few seconds from the window's load event. Please make sure it has an appropriate `as` value and it is preloaded intentionally. @ https://www.ysl.com/fr-fr:0
[   86521ms] [WARNING] The resource https://s.go-mpulse.net/boomerang/K9JYF-NA9GU-K758U-APJ5Q-E7LPJ was preloaded using link preload but not used within a few seconds from the window's load event. Please make sure it has an appropriate `as` value and it is preloaded intentionally. @ https://www.ysl.com/fr-fr:0
[   90036ms] [WARNING] The resource https://s.go-mpulse.net/boomerang/K9JYF-NA9GU-K758U-APJ5Q-E7LPJ was preloaded using link preload but not used within a few seconds from the window's load event. Please make sure it has an appropriate `as` value and it is preloaded intentionally. @ https://www.ysl.com/fr-fr:0
[   97049ms] [WARNING] The resource https://s.go-mpulse.net/boomerang/K9JYF-NA9GU-K758U-APJ5Q-E7LPJ was preloaded using link preload but not used within a few seconds from the window's load event. Please make sure it has an appropriate `as` value and it is preloaded intentionally. @ https://www.ysl.com/fr-fr:0
[  100565ms] [WARNING] The resource https://s.go-mpulse.net/boomerang/K9JYF-NA9GU-K758U-APJ5Q-E7LPJ was preloaded using link preload but not used within a few seconds from the window's load event. Please make sure it has an appropriate `as` value and it is preloaded intentionally. @ https://www.ysl.com/fr-fr:0
[  104056ms] [WARNING] The resource https://s.go-mpulse.net/boomerang/K9JYF-NA9GU-K758U-APJ5Q-E7LPJ was preloaded using link preload but not used within a few seconds from the window's load event. Please make sure it has an appropriate `as` value and it is preloaded intentionally. @ https://www.ysl.com/fr-fr:0
[  107579ms] [WARNING] The resource https://s.go-mpulse.net/boomerang/K9JYF-NA9GU-K758U-APJ5Q-E7LPJ was preloaded using link preload but not used within a few seconds from the window's load event. Please make sure it has an appropriate `as` value and it is preloaded intentionally. @ https://www.ysl.com/fr-fr:0
[  111067ms] [WARNING] The resource https://s.go-mpulse.net/boomerang/K9JYF-NA9GU-K758U-APJ5Q-E7LPJ was preloaded using link preload but not used within a few seconds from the window's load event. Please make sure it has an appropriate `as` value and it is preloaded intentionally. @ https://www.ysl.com/fr-fr:0
[  114587ms] [WARNING] The resource https://s.go-mpulse.net/boomerang/K9JYF-NA9GU-K758U-APJ5Q-E7LPJ was preloaded using link preload but not used within a few seconds from the window's load event. Please make sure it has an appropriate `as` value and it is preloaded intentionally. @ https://www.ysl.com/fr-fr:0
[  118098ms] [WARNING] The resource https://s.go-mpulse.net/boomerang/K9JYF-NA9GU-K758U-APJ5Q-E7LPJ was preloaded using link preload but not used within a few seconds from the window's load event. Please make sure it has an appropriate `as` value and it is preloaded intentionally. @ https://www.ysl.com/fr-fr:0
[  128628ms] [WARNING] The resource https://s.go-mpulse.net/boomerang/K9JYF-NA9GU-K758U-APJ5Q-E7LPJ was preloaded using link preload but not used within a few seconds from the window's load event. Please make sure it has an appropriate `as` value and it is preloaded intentionally. @ https://www.ysl.com/fr-fr:0
[  132126ms] [WARNING] The resource https://s.go-mpulse.net/boomerang/K9JYF-NA9GU-K758U-APJ5Q-E7LPJ was preloaded using link preload but not used within a few seconds from the window's load event. Please make sure it has an appropriate `as` value and it is preloaded intentionally. @ https://www.ysl.com/fr-fr:0
[  135608ms] [WARNING] The resource https://s.go-mpulse.net/boomerang/K9JYF-NA9GU-K758U-APJ5Q-E7LPJ was preloaded using link preload but not used within a few seconds from the window's load event. Please make sure it has an appropriate `as` value and it is preloaded intentionally. @ https://www.ysl.com/fr-fr:0
[  139116ms] [WARNING] The resource https://s.go-mpulse.net/boomerang/K9JYF-NA9GU-K758U-APJ5Q-E7LPJ was preloaded using link preload but not used within a few seconds from the window's load event. Please make sure it has an appropriate `as` value and it is preloaded intentionally. @ https://www.ysl.com/fr-fr:0
[  142635ms] [WARNING] The resource https://s.go-mpulse.net/boomerang/K9JYF-NA9GU-K758U-APJ5Q-E7LPJ was preloaded using link preload but not used within a few seconds from the window's load event. Please make sure it has an appropriate `as` value and it is preloaded intentionally. @ https://www.ysl.com/fr-fr:0
[  146168ms] [WARNING] The resource https://s.go-mpulse.net/boomerang/K9JYF-NA9GU-K758U-APJ5Q-E7LPJ was preloaded using link preload but not used within a few seconds from the window's load event. Please make sure it has an appropriate `as` value and it is preloaded intentionally. @ https://www.ysl.com/fr-fr:0
[  149679ms] [WARNING] The resource https://s.go-mpulse.net/boomerang/K9JYF-NA9GU-K758U-APJ5Q-E7LPJ was preloaded using link preload but not used within a few seconds from the window's load event. Please make sure it has an appropriate `as` value and it is preloaded intentionally. @ https://www.ysl.com/fr-fr:0
[  153168ms] [WARNING] The resource https://s.go-mpulse.net/boomerang/K9JYF-NA9GU-K758U-APJ5Q-E7LPJ was preloaded using link preload but not used within a few seconds from the window's load event. Please make sure it has an appropriate `as` value and it is preloaded intentionally. @ https://www.ysl.com/fr-fr:0
[  156675ms] [WARNING] The resource https://s.go-mpulse.net/boomerang/K9JYF-NA9GU-K758U-APJ5Q-E7LPJ was preloaded using link preload but not used within a few seconds from the window's load event. Please make sure it has an appropriate `as` value and it is preloaded intentionally. @ https://www.ysl.com/fr-fr:0
[  160183ms] [WARNING] The resource https://s.go-mpulse.net/boomerang/K9JYF-NA9GU-K758U-APJ5Q-E7LPJ was preloaded using link preload but not used within a few seconds from the window's load event. Please make sure it has an appropriate `as` value and it is preloaded intentionally. @ https://www.ysl.com/fr-fr:0
[  163697ms] [WARNING] The resource https://s.go-mpulse.net/boomerang/K9JYF-NA9GU-K758U-APJ5Q-E7LPJ was preloaded using link preload but not used within a few seconds from the window's load event. Please make sure it has an appropriate `as` value and it is preloaded intentionally. @ https://www.ysl.com/fr-fr:0
[  167204ms] [WARNING] The resource https://s.go-mpulse.net/boomerang/K9JYF-NA9GU-K758U-APJ5Q-E7LPJ was preloaded using link preload but not used within a few seconds from the window's load event. Please make sure it has an appropriate `as` value and it is preloaded intentionally. @ https://www.ysl.com/fr-fr:0
[  170717ms] [WARNING] The resource https://s.go-mpulse.net/boomerang/K9JYF-NA9GU-K758U-APJ5Q-E7LPJ was preloaded using link preload but not used within a few seconds from the window's load event. Please make sure it has an appropriate `as` value and it is preloaded intentionally. @ https://www.ysl.com/fr-fr:0
[  174228ms] [WARNING] The resource https://s.go-mpulse.net/boomerang/K9JYF-NA9GU-K758U-APJ5Q-E7LPJ was preloaded using link preload but not used within a few seconds from the window's load event. Please make sure it has an appropriate `as` value and it is preloaded intentionally. @ https://www.ysl.com/fr-fr:0
[  177742ms] [WARNING] The resource https://s.go-mpulse.net/boomerang/K9JYF-NA9GU-K758U-APJ5Q-E7LPJ was preloaded using link preload but not used within a few seconds from the window's load event. Please make sure it has an appropriate `as` value and it is preloaded intentionally. @ https://www.ysl.com/fr-fr:0
[  181400ms] [WARNING] The resource https://s.go-mpulse.net/boomerang/K9JYF-NA9GU-K758U-APJ5Q-E7LPJ was preloaded using link preload but not used within a few seconds from the window's load event. Please make sure it has an appropriate `as` value and it is preloaded intentionally. @ https://www.ysl.com/fr-fr:0
[  188276ms] [WARNING] The resource https://s.go-mpulse.net/boomerang/K9JYF-NA9GU-K758U-APJ5Q-E7LPJ was preloaded using link preload but not used within a few seconds from the window's load event. Please make sure it has an appropriate `as` value and it is preloaded intentionally. @ https://www.ysl.com/fr-fr:0
[  191770ms] [WARNING] The resource https://s.go-mpulse.net/boomerang/K9JYF-NA9GU-K758U-APJ5Q-E7LPJ was preloaded using link preload but not used within a few seconds from the window's load event. Please make sure it has an appropriate `as` value and it is preloaded intentionally. @ https://www.ysl.com/fr-fr:0
[  195279ms] [WARNING] The resource https://s.go-mpulse.net/boomerang/K9JYF-NA9GU-K758U-APJ5Q-E7LPJ was preloaded using link preload but not used within a few seconds from the window's load event. Please make sure it has an appropriate `as` value and it is preloaded intentionally. @ https://www.ysl.com/fr-fr:0
[  198790ms] [WARNING] The resource https://s.go-mpulse.net/boomerang/K9JYF-NA9GU-K758U-APJ5Q-E7LPJ was preloaded using link preload but not used within a few seconds from the window's load event. Please make sure it has an appropriate `as` value and it is preloaded intentionally. @ https://www.ysl.com/fr-fr:0
[  202282ms] [WARNING] The resource https://s.go-mpulse.net/boomerang/K9JYF-NA9GU-K758U-APJ5Q-E7LPJ was preloaded using link preload but not used within a few seconds from the window's load event. Please make sure it has an appropriate `as` value and it is preloaded intentionally. @ https://www.ysl.com/fr-fr:0
[  205793ms] [WARNING] The resource https://s.go-mpulse.net/boomerang/K9JYF-NA9GU-K758U-APJ5Q-E7LPJ was preloaded using link preload but not used within a few seconds from the window's load event. Please make sure it has an appropriate `as` value and it is preloaded intentionally. @ https://www.ysl.com/fr-fr:0
[  209323ms] [WARNING] The resource https://s.go-mpulse.net/boomerang/K9JYF-NA9GU-K758U-APJ5Q-E7LPJ was preloaded using link preload but not used within a few seconds from the window's load event. Please make sure it has an appropriate `as` value and it is preloaded intentionally. @ https://www.ysl.com/fr-fr:0
[  212808ms] [WARNING] The resource https://s.go-mpulse.net/boomerang/K9JYF-NA9GU-K758U-APJ5Q-E7LPJ was preloaded using link preload but not used within a few seconds from the window's load event. Please make sure it has an appropriate `as` value and it is preloaded intentionally. @ https://www.ysl.com/fr-fr:0
[  216315ms] [WARNING] The resource https://s.go-mpulse.net/boomerang/K9JYF-NA9GU-K758U-APJ5Q-E7LPJ was preloaded using link preload but not used within a few seconds from the window's load event. Please make sure it has an appropriate `as` value and it is preloaded intentionally. @ https://www.ysl.com/fr-fr:0
[  219825ms] [WARNING] The resource https://s.go-mpulse.net/boomerang/K9JYF-NA9GU-K758U-APJ5Q-E7LPJ was preloaded using link preload but not used within a few seconds from the window's load event. Please make sure it has an appropriate `as` value and it is preloaded intentionally. @ https://www.ysl.com/fr-fr:0
[  223337ms] [WARNING] The resource https://s.go-mpulse.net/boomerang/K9JYF-NA9GU-K758U-APJ5Q-E7LPJ was preloaded using link preload but not used within a few seconds from the window's load event. Please make sure it has an appropriate `as` value and it is preloaded intentionally. @ https://www.ysl.com/fr-fr:0
[  226860ms] [WARNING] The resource https://s.go-mpulse.net/boomerang/K9JYF-NA9GU-K758U-APJ5Q-E7LPJ was preloaded using link preload but not used within a few seconds from the window's load event. Please make sure it has an appropriate `as` value and it is preloaded intentionally. @ https://www.ysl.com/fr-fr:0
[  230357ms] [WARNING] The resource https://s.go-mpulse.net/boomerang/K9JYF-NA9GU-K758U-APJ5Q-E7LPJ was preloaded using link preload but not used within a few seconds from the window's load event. Please make sure it has an appropriate `as` value and it is preloaded intentionally. @ https://www.ysl.com/fr-fr:0
[  233871ms] [WARNING] The resource https://s.go-mpulse.net/boomerang/K9JYF-NA9GU-K758U-APJ5Q-E7LPJ was preloaded using link preload but not used within a few seconds from the window's load event. Please make sure it has an appropriate `as` value and it is preloaded intentionally. @ https://www.ysl.com/fr-fr:0
[  237377ms] [WARNING] The resource https://s.go-mpulse.net/boomerang/K9JYF-NA9GU-K758U-APJ5Q-E7LPJ was preloaded using link preload but not used within a few seconds from the window's load event. Please make sure it has an appropriate `as` value and it is preloaded intentionally. @ https://www.ysl.com/fr-fr:0
[  240887ms] [WARNING] The resource https://s.go-mpulse.net/boomerang/K9JYF-NA9GU-K758U-APJ5Q-E7LPJ was preloaded using link preload but not used within a few seconds from the window's load event. Please make sure it has an appropriate `as` value and it is preloaded intentionally. @ https://www.ysl.com/fr-fr:0
[  244417ms] [WARNING] The resource https://s.go-mpulse.net/boomerang/K9JYF-NA9GU-K758U-APJ5Q-E7LPJ was preloaded using link preload but not used within a few seconds from the window's load event. Please make sure it has an appropriate `as` value and it is preloaded intentionally. @ https://www.ysl.com/fr-fr:0
[  251414ms] [WARNING] The resource https://s.go-mpulse.net/boomerang/K9JYF-NA9GU-K758U-APJ5Q-E7LPJ was preloaded using link preload but not used within a few seconds from the window's load event. Please make sure it has an appropriate `as` value and it is preloaded intentionally. @ https://www.ysl.com/fr-fr:0
[  254923ms] [WARNING] The resource https://s.go-mpulse.net/boomerang/K9JYF-NA9GU-K758U-APJ5Q-E7LPJ was preloaded using link preload but not used within a few seconds from the window's load event. Please make sure it has an appropriate `as` value and it is preloaded intentionally. @ https://www.ysl.com/fr-fr:0
[  258438ms] [WARNING] The resource https://s.go-mpulse.net/boomerang/K9JYF-NA9GU-K758U-APJ5Q-E7LPJ was preloaded using link preload but not used within a few seconds from the window's load event. Please make sure it has an appropriate `as` value and it is preloaded intentionally. @ https://www.ysl.com/fr-fr:0
[  261974ms] [WARNING] The resource https://s.go-mpulse.net/boomerang/K9JYF-NA9GU-K758U-APJ5Q-E7LPJ was preloaded using link preload but not used within a few seconds from the window's load event. Please make sure it has an appropriate `as` value and it is preloaded intentionally. @ https://www.ysl.com/fr-fr:0
[  265447ms] [WARNING] The resource https://s.go-mpulse.net/boomerang/K9JYF-NA9GU-K758U-APJ5Q-E7LPJ was preloaded using link preload but not used within a few seconds from the window's load event. Please make sure it has an appropriate `as` value and it is preloaded intentionally. @ https://www.ysl.com/fr-fr:0
[  268986ms] [WARNING] The resource https://s.go-mpulse.net/boomerang/K9JYF-NA9GU-K758U-APJ5Q-E7LPJ was preloaded using link preload but not used within a few seconds from the window's load event. Please make sure it has an appropriate `as` value and it is preloaded intentionally. @ https://www.ysl.com/fr-fr:0
[  272471ms] [WARNING] The resource https://s.go-mpulse.net/boomerang/K9JYF-NA9GU-K758U-APJ5Q-E7LPJ was preloaded using link preload but not used within a few seconds from the window's load event. Please make sure it has an appropriate `as` value and it is preloaded intentionally. @ https://www.ysl.com/fr-fr:0
[  275987ms] [WARNING] The resource https://s.go-mpulse.net/boomerang/K9JYF-NA9GU-K758U-APJ5Q-E7LPJ was preloaded using link preload but not used within a few seconds from the window's load event. Please make sure it has an appropriate `as` value and it is preloaded intentionally. @ https://www.ysl.com/fr-fr:0
[  279487ms] [WARNING] The resource https://s.go-mpulse.net/boomerang/K9JYF-NA9GU-K758U-APJ5Q-E7LPJ was preloaded using link preload but not used within a few seconds from the window's load event. Please make sure it has an appropriate `as` value and it is preloaded intentionally. @ https://www.ysl.com/fr-fr:0
[  282996ms] [WARNING] The resource https://s.go-mpulse.net/boomerang/K9JYF-NA9GU-K758U-APJ5Q-E7LPJ was preloaded using link preload but not used within a few seconds from the window's load event. Please make sure it has an appropriate `as` value and it is preloaded intentionally. @ https://www.ysl.com/fr-fr:0
[  286530ms] [WARNING] The resource https://s.go-mpulse.net/boomerang/K9JYF-NA9GU-K758U-APJ5Q-E7LPJ was preloaded using link preload but not used within a few seconds from the window's load event. Please make sure it has an appropriate `as` value and it is preloaded intentionally. @ https://www.ysl.com/fr-fr:0
[  290043ms] [WARNING] The resource https://s.go-mpulse.net/boomerang/K9JYF-NA9GU-K758U-APJ5Q-E7LPJ was preloaded using link preload but not used within a few seconds from the window's load event. Please make sure it has an appropriate `as` value and it is preloaded intentionally. @ https://www.ysl.com/fr-fr:0
[  293534ms] [WARNING] The resource https://s.go-mpulse.net/boomerang/K9JYF-NA9GU-K758U-APJ5Q-E7LPJ was preloaded using link preload but not used within a few seconds from the window's load event. Please make sure it has an appropriate `as` value and it is preloaded intentionally. @ https://www.ysl.com/fr-fr:0
[  297037ms] [WARNING] The resource https://s.go-mpulse.net/boomerang/K9JYF-NA9GU-K758U-APJ5Q-E7LPJ was preloaded using link preload but not used within a few seconds from the window's load event. Please make sure it has an appropriate `as` value and it is preloaded intentionally. @ https://www.ysl.com/fr-fr:0
[  300574ms] [WARNING] The resource https://s.go-mpulse.net/boomerang/K9JYF-NA9GU-K758U-APJ5Q-E7LPJ was preloaded using link preload but not used within a few seconds from the window's load event. Please make sure it has an appropriate `as` value and it is preloaded intentionally. @ https://www.ysl.com/fr-fr:0
[  304521ms] [WARNING] The resource https://s.go-mpulse.net/boomerang/K9JYF-NA9GU-K758U-APJ5Q-E7LPJ was preloaded using link preload but not used within a few seconds from the window's load event. Please make sure it has an appropriate `as` value and it is preloaded intentionally. @ https://www.ysl.com/fr-fr:0
[  307572ms] [WARNING] The resource https://s.go-mpulse.net/boomerang/K9JYF-NA9GU-K758U-APJ5Q-E7LPJ was preloaded using link preload but not used within a few seconds from the window's load event. Please make sure it has an appropriate `as` value and it is preloaded intentionally. @ https://www.ysl.com/fr-fr:0
[  311107ms] [WARNING] The resource https://s.go-mpulse.net/boomerang/K9JYF-NA9GU-K758U-APJ5Q-E7LPJ was preloaded using link preload but not used within a few seconds from the window's load event. Please make sure it has an appropriate `as` value and it is preloaded intentionally. @ https://www.ysl.com/fr-fr:0
[  314587ms] [WARNING] The resource https://s.go-mpulse.net/boomerang/K9JYF-NA9GU-K758U-APJ5Q-E7LPJ was preloaded using link preload but not used within a few seconds from the window's load event. Please make sure it has an appropriate `as` value and it is preloaded intentionally. @ https://www.ysl.com/fr-fr:0
[  318104ms] [WARNING] The resource https://s.go-mpulse.net/boomerang/K9JYF-NA9GU-K758U-APJ5Q-E7LPJ was preloaded using link preload but not used within a few seconds from the window's load event. Please make sure it has an appropriate `as` value and it is preloaded intentionally. @ https://www.ysl.com/fr-fr:0
[  321610ms] [WARNING] The resource https://s.go-mpulse.net/boomerang/K9JYF-NA9GU-K758U-APJ5Q-E7LPJ was preloaded using link preload but not used within a few seconds from the window's load event. Please make sure it has an appropriate `as` value and it is preloaded intentionally. @ https://www.ysl.com/fr-fr:0
[  325119ms] [WARNING] The resource https://s.go-mpulse.net/boomerang/K9JYF-NA9GU-K758U-APJ5Q-E7LPJ was preloaded using link preload but not used within a few seconds from the window's load event. Please make sure it has an appropriate `as` value and it is preloaded intentionally. @ https://www.ysl.com/fr-fr:0
[  328660ms] [WARNING] The resource https://s.go-mpulse.net/boomerang/K9JYF-NA9GU-K758U-APJ5Q-E7LPJ was preloaded using link preload but not used within a few seconds from the window's load event. Please make sure it has an appropriate `as` value and it is preloaded intentionally. @ https://www.ysl.com/fr-fr:0
[  332142ms] [WARNING] The resource https://s.go-mpulse.net/boomerang/K9JYF-NA9GU-K758U-APJ5Q-E7LPJ was preloaded using link preload but not used within a few seconds from the window's load event. Please make sure it has an appropriate `as` value and it is preloaded intentionally. @ https://www.ysl.com/fr-fr:0
[  335653ms] [WARNING] The resource https://s.go-mpulse.net/boomerang/K9JYF-NA9GU-K758U-APJ5Q-E7LPJ was preloaded using link preload but not used within a few seconds from the window's load event. Please make sure it has an appropriate `as` value and it is preloaded intentionally. @ https://www.ysl.com/fr-fr:0
[  339167ms] [WARNING] The resource https://s.go-mpulse.net/boomerang/K9JYF-NA9GU-K758U-APJ5Q-E7LPJ was preloaded using link preload but not used within a few seconds from the window's load event. Please make sure it has an appropriate `as` value and it is preloaded intentionally. @ https://www.ysl.com/fr-fr:0
[  342685ms] [WARNING] The resource https://s.go-mpulse.net/boomerang/K9JYF-NA9GU-K758U-APJ5Q-E7LPJ was preloaded using link preload but not used within a few seconds from the window's load event. Please make sure it has an appropriate `as` value and it is preloaded intentionally. @ https://www.ysl.com/fr-fr:0
[  346202ms] [WARNING] The resource https://s.go-mpulse.net/boomerang/K9JYF-NA9GU-K758U-APJ5Q-E7LPJ was preloaded using link preload but not used within a few seconds from the window's load event. Please make sure it has an appropriate `as` value and it is preloaded intentionally. @ https://www.ysl.com/fr-fr:0
[  349704ms] [WARNING] The resource https://s.go-mpulse.net/boomerang/K9JYF-NA9GU-K758U-APJ5Q-E7LPJ was preloaded using link preload but not used within a few seconds from the window's load event. Please make sure it has an appropriate `as` value and it is preloaded intentionally. @ https://www.ysl.com/fr-fr:0
[  353222ms] [WARNING] The resource https://s.go-mpulse.net/boomerang/K9JYF-NA9GU-K758U-APJ5Q-E7LPJ was preloaded using link preload but not used within a few seconds from the window's load event. Please make sure it has an appropriate `as` value and it is preloaded intentionally. @ https://www.ysl.com/fr-fr:0
[  356703ms] [WARNING] The resource https://s.go-mpulse.net/boomerang/K9JYF-NA9GU-K758U-APJ5Q-E7LPJ was preloaded using link preload but not used within a few seconds from the window's load event. Please make sure it has an appropriate `as` value and it is preloaded intentionally. @ https://www.ysl.com/fr-fr:0
[  360247ms] [WARNING] The resource https://s.go-mpulse.net/boomerang/K9JYF-NA9GU-K758U-APJ5Q-E7LPJ was preloaded using link preload but not used within a few seconds from the window's load event. Please make sure it has an appropriate `as` value and it is preloaded intentionally. @ https://www.ysl.com/fr-fr:0
[  364237ms] [WARNING] The resource https://s.go-mpulse.net/boomerang/K9JYF-NA9GU-K758U-APJ5Q-E7LPJ was preloaded using link preload but not used within a few seconds from the window's load event. Please make sure it has an appropriate `as` value and it is preloaded intentionally. @ https://www.ysl.com/fr-fr:0
[  367242ms] [WARNING] The resource https://s.go-mpulse.net/boomerang/K9JYF-NA9GU-K758U-APJ5Q-E7LPJ was preloaded using link preload but not used within a few seconds from the window's load event. Please make sure it has an appropriate `as` value and it is preloaded intentionally. @ https://www.ysl.com/fr-fr:0
[  370752ms] [WARNING] The resource https://s.go-mpulse.net/boomerang/K9JYF-NA9GU-K758U-APJ5Q-E7LPJ was preloaded using link preload but not used within a few seconds from the window's load event. Please make sure it has an appropriate `as` value and it is preloaded intentionally. @ https://www.ysl.com/fr-fr:0
[  374272ms] [WARNING] The resource https://s.go-mpulse.net/boomerang/K9JYF-NA9GU-K758U-APJ5Q-E7LPJ was preloaded using link preload but not used within a few seconds from the window's load event. Please make sure it has an appropriate `as` value and it is preloaded intentionally. @ https://www.ysl.com/fr-fr:0
[  377800ms] [WARNING] The resource https://s.go-mpulse.net/boomerang/K9JYF-NA9GU-K758U-APJ5Q-E7LPJ was preloaded using link preload but not used within a few seconds from the window's load event. Please make sure it has an appropriate `as` value and it is preloaded intentionally. @ https://www.ysl.com/fr-fr:0
[  381289ms] [WARNING] The resource https://s.go-mpulse.net/boomerang/K9JYF-NA9GU-K758U-APJ5Q-E7LPJ was preloaded using link preload but not used within a few seconds from the window's load event. Please make sure it has an appropriate `as` value and it is preloaded intentionally. @ https://www.ysl.com/fr-fr:0
[  384835ms] [WARNING] The resource https://s.go-mpulse.net/boomerang/K9JYF-NA9GU-K758U-APJ5Q-E7LPJ was preloaded using link preload but not used within a few seconds from the window's load event. Please make sure it has an appropriate `as` value and it is preloaded intentionally. @ https://www.ysl.com/fr-fr:0
[  388310ms] [WARNING] The resource https://s.go-mpulse.net/boomerang/K9JYF-NA9GU-K758U-APJ5Q-E7LPJ was preloaded using link preload but not used within a few seconds from the window's load event. Please make sure it has an appropriate `as` value and it is preloaded intentionally. @ https://www.ysl.com/fr-fr:0
[  391830ms] [WARNING] The resource https://s.go-mpulse.net/boomerang/K9JYF-NA9GU-K758U-APJ5Q-E7LPJ was preloaded using link preload but not used within a few seconds from the window's load event. Please make sure it has an appropriate `as` value and it is preloaded intentionally. @ https://www.ysl.com/fr-fr:0
[  395373ms] [WARNING] The resource https://s.go-mpulse.net/boomerang/K9JYF-NA9GU-K758U-APJ5Q-E7LPJ was preloaded using link preload but not used within a few seconds from the window's load event. Please make sure it has an appropriate `as` value and it is preloaded intentionally. @ https://www.ysl.com/fr-fr:0
[  398847ms] [WARNING] The resource https://s.go-mpulse.net/boomerang/K9JYF-NA9GU-K758U-APJ5Q-E7LPJ was preloaded using link preload but not used within a few seconds from the window's load event. Please make sure it has an appropriate `as` value and it is preloaded intentionally. @ https://www.ysl.com/fr-fr:0
[  402371ms] [WARNING] The resource https://s.go-mpulse.net/boomerang/K9JYF-NA9GU-K758U-APJ5Q-E7LPJ was preloaded using link preload but not used within a few seconds from the window's load event. Please make sure it has an appropriate `as` value and it is preloaded intentionally. @ https://www.ysl.com/fr-fr:0
[  405870ms] [WARNING] The resource https://s.go-mpulse.net/boomerang/K9JYF-NA9GU-K758U-APJ5Q-E7LPJ was preloaded using link preload but not used within a few seconds from the window's load event. Please make sure it has an appropriate `as` value and it is preloaded intentionally. @ https://www.ysl.com/fr-fr:0
[  409417ms] [WARNING] The resource https://s.go-mpulse.net/boomerang/K9JYF-NA9GU-K758U-APJ5Q-E7LPJ was preloaded using link preload but not used within a few seconds from the window's load event. Please make sure it has an appropriate `as` value and it is preloaded intentionally. @ https://www.ysl.com/fr-fr:0
[  412929ms] [WARNING] The resource https://s.go-mpulse.net/boomerang/K9JYF-NA9GU-K758U-APJ5Q-E7LPJ was preloaded using link preload but not used within a few seconds from the window's load event. Please make sure it has an appropriate `as` value and it is preloaded intentionally. @ https://www.ysl.com/fr-fr:0
[  416429ms] [WARNING] The resource https://s.go-mpulse.net/boomerang/K9JYF-NA9GU-K758U-APJ5Q-E7LPJ was preloaded using link preload but not used within a few seconds from the window's load event. Please make sure it has an appropriate `as` value and it is preloaded intentionally. @ https://www.ysl.com/fr-fr:0
[  419934ms] [WARNING] The resource https://s.go-mpulse.net/boomerang/K9JYF-NA9GU-K758U-APJ5Q-E7LPJ was preloaded using link preload but not used within a few seconds from the window's load event. Please make sure it has an appropriate `as` value and it is preloaded intentionally. @ https://www.ysl.com/fr-fr:0
[  423465ms] [WARNING] The resource https://s.go-mpulse.net/boomerang/K9JYF-NA9GU-K758U-APJ5Q-E7LPJ was preloaded using link preload but not used within a few seconds from the window's load event. Please make sure it has an appropriate `as` value and it is preloaded intentionally. @ https://www.ysl.com/fr-fr:0
[  426948ms] [WARNING] The resource https://s.go-mpulse.net/boomerang/K9JYF-NA9GU-K758U-APJ5Q-E7LPJ was preloaded using link preload but not used within a few seconds from the window's load event. Please make sure it has an appropriate `as` value and it is preloaded intentionally. @ https://www.ysl.com/fr-fr:0
[  430460ms] [WARNING] The resource https://s.go-mpulse.net/boomerang/K9JYF-NA9GU-K758U-APJ5Q-E7LPJ was preloaded using link preload but not used within a few seconds from the window's load event. Please make sure it has an appropriate `as` value and it is preloaded intentionally. @ https://www.ysl.com/fr-fr:0
[  433981ms] [WARNING] The resource https://s.go-mpulse.net/boomerang/K9JYF-NA9GU-K758U-APJ5Q-E7LPJ was preloaded using link preload but not used within a few seconds from the window's load event. Please make sure it has an appropriate `as` value and it is preloaded intentionally. @ https://www.ysl.com/fr-fr:0
[  434404ms] [LOG] disconnected from inside @ https://cdn.quantummetric.com/qscripts/quantum-ysl.js:120
[  437523ms] [WARNING] The resource https://s.go-mpulse.net/boomerang/K9JYF-NA9GU-K758U-APJ5Q-E7LPJ was preloaded using link preload but not used within a few seconds from the window's load event. Please make sure it has an appropriate `as` value and it is preloaded intentionally. @ https://www.ysl.com/fr-fr:0
[  441031ms] [WARNING] The resource https://s.go-mpulse.net/boomerang/K9JYF-NA9GU-K758U-APJ5Q-E7LPJ was preloaded using link preload but not used within a few seconds from the window's load event. Please make sure it has an appropriate `as` value and it is preloaded intentionally. @ https://www.ysl.com/fr-fr:0
[  444531ms] [WARNING] The resource https://s.go-mpulse.net/boomerang/K9JYF-NA9GU-K758U-APJ5Q-E7LPJ was preloaded using link preload but not used within a few seconds from the window's load event. Please make sure it has an appropriate `as` value and it is preloaded intentionally. @ https://www.ysl.com/fr-fr:0
[  448030ms] [WARNING] The resource https://s.go-mpulse.net/boomerang/K9JYF-NA9GU-K758U-APJ5Q-E7LPJ was preloaded using link preload but not used within a few seconds from the window's load event. Please make sure it has an appropriate `as` value and it is preloaded intentionally. @ https://www.ysl.com/fr-fr:0
[  451559ms] [WARNING] The resource https://s.go-mpulse.net/boomerang/K9JYF-NA9GU-K758U-APJ5Q-E7LPJ was preloaded using link preload but not used within a few seconds from the window's load event. Please make sure it has an appropriate `as` value and it is preloaded intentionally. @ https://www.ysl.com/fr-fr:0
[  455046ms] [WARNING] The resource https://s.go-mpulse.net/boomerang/K9JYF-NA9GU-K758U-APJ5Q-E7LPJ was preloaded using link preload but not used within a few seconds from the window's load event. Please make sure it has an appropriate `as` value and it is preloaded intentionally. @ https://www.ysl.com/fr-fr:0
[  458586ms] [WARNING] The resource https://s.go-mpulse.net/boomerang/K9JYF-NA9GU-K758U-APJ5Q-E7LPJ was preloaded using link preload but not used within a few seconds from the window's load event. Please make sure it has an appropriate `as` value and it is preloaded intentionally. @ https://www.ysl.com/fr-fr:0
[  462098ms] [WARNING] The resource https://s.go-mpulse.net/boomerang/K9JYF-NA9GU-K758U-APJ5Q-E7LPJ was preloaded using link preload but not used within a few seconds from the window's load event. Please make sure it has an appropriate `as` value and it is preloaded intentionally. @ https://www.ysl.com/fr-fr:0
[  465590ms] [WARNING] The resource https://s.go-mpulse.net/boomerang/K9JYF-NA9GU-K758U-APJ5Q-E7LPJ was preloaded using link preload but not used within a few seconds from the window's load event. Please make sure it has an appropriate `as` value and it is preloaded intentionally. @ https://www.ysl.com/fr-fr:0
[  469101ms] [WARNING] The resource https://s.go-mpulse.net/boomerang/K9JYF-NA9GU-K758U-APJ5Q-E7LPJ was preloaded using link preload but not used within a few seconds from the window's load event. Please make sure it has an appropriate `as` value and it is preloaded intentionally. @ https://www.ysl.com/fr-fr:0
[  472638ms] [WARNING] The resource https://s.go-mpulse.net/boomerang/K9JYF-NA9GU-K758U-APJ5Q-E7LPJ was preloaded using link preload but not used within a few seconds from the window's load event. Please make sure it has an appropriate `as` value and it is preloaded intentionally. @ https://www.ysl.com/fr-fr:0
[  476147ms] [WARNING] The resource https://s.go-mpulse.net/boomerang/K9JYF-NA9GU-K758U-APJ5Q-E7LPJ was preloaded using link preload but not used within a few seconds from the window's load event. Please make sure it has an appropriate `as` value and it is preloaded intentionally. @ https://www.ysl.com/fr-fr:0
[  479633ms] [WARNING] The resource https://s.go-mpulse.net/boomerang/K9JYF-NA9GU-K758U-APJ5Q-E7LPJ was preloaded using link preload but not used within a few seconds from the window's load event. Please make sure it has an appropriate `as` value and it is preloaded intentionally. @ https://www.ysl.com/fr-fr:0
[  483177ms] [WARNING] The resource https://s.go-mpulse.net/boomerang/K9JYF-NA9GU-K758U-APJ5Q-E7LPJ was preloaded using link preload but not used within a few seconds from the window's load event. Please make sure it has an appropriate `as` value and it is preloaded intentionally. @ https://www.ysl.com/fr-fr:0
[  486650ms] [WARNING] The resource https://s.go-mpulse.net/boomerang/K9JYF-NA9GU-K758U-APJ5Q-E7LPJ was preloaded using link preload but not used within a few seconds from the window's load event. Please make sure it has an appropriate `as` value and it is preloaded intentionally. @ https://www.ysl.com/fr-fr:0
[  490167ms] [WARNING] The resource https://s.go-mpulse.net/boomerang/K9JYF-NA9GU-K758U-APJ5Q-E7LPJ was preloaded using link preload but not used within a few seconds from the window's load event. Please make sure it has an appropriate `as` value and it is preloaded intentionally. @ https://www.ysl.com/fr-fr:0
[  493677ms] [WARNING] The resource https://s.go-mpulse.net/boomerang/K9JYF-NA9GU-K758U-APJ5Q-E7LPJ was preloaded using link preload but not used within a few seconds from the window's load event. Please make sure it has an appropriate `as` value and it is preloaded intentionally. @ https://www.ysl.com/fr-fr:0
[  497185ms] [WARNING] The resource https://s.go-mpulse.net/boomerang/K9JYF-NA9GU-K758U-APJ5Q-E7LPJ was preloaded using link preload but not used within a few seconds from the window's load event. Please make sure it has an appropriate `as` value and it is preloaded intentionally. @ https://www.ysl.com/fr-fr:0
[  500696ms] [WARNING] The resource https://s.go-mpulse.net/boomerang/K9JYF-NA9GU-K758U-APJ5Q-E7LPJ was preloaded using link preload but not used within a few seconds from the window's load event. Please make sure it has an appropriate `as` value and it is preloaded intentionally. @ https://www.ysl.com/fr-fr:0
[  504214ms] [WARNING] The resource https://s.go-mpulse.net/boomerang/K9JYF-NA9GU-K758U-APJ5Q-E7LPJ was preloaded using link preload but not used within a few seconds from the window's load event. Please make sure it has an appropriate `as` value and it is preloaded intentionally. @ https://www.ysl.com/fr-fr:0
[  507748ms] [WARNING] The resource https://s.go-mpulse.net/boomerang/K9JYF-NA9GU-K758U-APJ5Q-E7LPJ was preloaded using link preload but not used within a few seconds from the window's load event. Please make sure it has an appropriate `as` value and it is preloaded intentionally. @ https://www.ysl.com/fr-fr:0
[  511234ms] [WARNING] The resource https://s.go-mpulse.net/boomerang/K9JYF-NA9GU-K758U-APJ5Q-E7LPJ was preloaded using link preload but not used within a few seconds from the window's load event. Please make sure it has an appropriate `as` value and it is preloaded intentionally. @ https://www.ysl.com/fr-fr:0
[  514752ms] [WARNING] The resource https://s.go-mpulse.net/boomerang/K9JYF-NA9GU-K758U-APJ5Q-E7LPJ was preloaded using link preload but not used within a few seconds from the window's load event. Please make sure it has an appropriate `as` value and it is preloaded intentionally. @ https://www.ysl.com/fr-fr:0
[  518281ms] [WARNING] The resource https://s.go-mpulse.net/boomerang/K9JYF-NA9GU-K758U-APJ5Q-E7LPJ was preloaded using link preload but not used within a few seconds from the window's load event. Please make sure it has an appropriate `as` value and it is preloaded intentionally. @ https://www.ysl.com/fr-fr:0
[  521805ms] [WARNING] The resource https://s.go-mpulse.net/boomerang/K9JYF-NA9GU-K758U-APJ5Q-E7LPJ was preloaded using link preload but not used within a few seconds from the window's load event. Please make sure it has an appropriate `as` value and it is preloaded intentionally. @ https://www.ysl.com/fr-fr:0
[  525303ms] [WARNING] The resource https://s.go-mpulse.net/boomerang/K9JYF-NA9GU-K758U-APJ5Q-E7LPJ was preloaded using link preload but not used within a few seconds from the window's load event. Please make sure it has an appropriate `as` value and it is preloaded intentionally. @ https://www.ysl.com/fr-fr:0
[  528801ms] [WARNING] The resource https://s.go-mpulse.net/boomerang/K9JYF-NA9GU-K758U-APJ5Q-E7LPJ was preloaded using link preload but not used within a few seconds from the window's load event. Please make sure it has an appropriate `as` value and it is preloaded intentionally. @ https://www.ysl.com/fr-fr:0
[  532301ms] [WARNING] The resource https://s.go-mpulse.net/boomerang/K9JYF-NA9GU-K758U-APJ5Q-E7LPJ was preloaded using link preload but not used within a few seconds from the window's load event. Please make sure it has an appropriate `as` value and it is preloaded intentionally. @ https://www.ysl.com/fr-fr:0
[  535808ms] [WARNING] The resource https://s.go-mpulse.net/boomerang/K9JYF-NA9GU-K758U-APJ5Q-E7LPJ was preloaded using link preload but not used within a few seconds from the window's load event. Please make sure it has an appropriate `as` value and it is preloaded intentionally. @ https://www.ysl.com/fr-fr:0
[  539324ms] [WARNING] The resource https://s.go-mpulse.net/boomerang/K9JYF-NA9GU-K758U-APJ5Q-E7LPJ was preloaded using link preload but not used within a few seconds from the window's load event. Please make sure it has an appropriate `as` value and it is preloaded intentionally. @ https://www.ysl.com/fr-fr:0
[  546379ms] [WARNING] The resource https://s.go-mpulse.net/boomerang/K9JYF-NA9GU-K758U-APJ5Q-E7LPJ was preloaded using link preload but not used within a few seconds from the window's load event. Please make sure it has an appropriate `as` value and it is preloaded intentionally. @ https://www.ysl.com/fr-fr:0
[  549858ms] [WARNING] The resource https://s.go-mpulse.net/boomerang/K9JYF-NA9GU-K758U-APJ5Q-E7LPJ was preloaded using link preload but not used within a few seconds from the window's load event. Please make sure it has an appropriate `as` value and it is preloaded intentionally. @ https://www.ysl.com/fr-fr:0
[  553398ms] [WARNING] The resource https://s.go-mpulse.net/boomerang/K9JYF-NA9GU-K758U-APJ5Q-E7LPJ was preloaded using link preload but not used within a few seconds from the window's load event. Please make sure it has an appropriate `as` value and it is preloaded intentionally. @ https://www.ysl.com/fr-fr:0
[  556888ms] [WARNING] The resource https://s.go-mpulse.net/boomerang/K9JYF-NA9GU-K758U-APJ5Q-E7LPJ was preloaded using link preload but not used within a few seconds from the window's load event. Please make sure it has an appropriate `as` value and it is preloaded intentionally. @ https://www.ysl.com/fr-fr:0
[  560421ms] [WARNING] The resource https://s.go-mpulse.net/boomerang/K9JYF-NA9GU-K758U-APJ5Q-E7LPJ was preloaded using link preload but not used within a few seconds from the window's load event. Please make sure it has an appropriate `as` value and it is preloaded intentionally. @ https://www.ysl.com/fr-fr:0
[  563916ms] [WARNING] The resource https://s.go-mpulse.net/boomerang/K9JYF-NA9GU-K758U-APJ5Q-E7LPJ was preloaded using link preload but not used within a few seconds from the window's load event. Please make sure it has an appropriate `as` value and it is preloaded intentionally. @ https://www.ysl.com/fr-fr:0
[  567427ms] [WARNING] The resource https://s.go-mpulse.net/boomerang/K9JYF-NA9GU-K758U-APJ5Q-E7LPJ was preloaded using link preload but not used within a few seconds from the window's load event. Please make sure it has an appropriate `as` value and it is preloaded intentionally. @ https://www.ysl.com/fr-fr:0
[  570958ms] [WARNING] The resource https://s.go-mpulse.net/boomerang/K9JYF-NA9GU-K758U-APJ5Q-E7LPJ was preloaded using link preload but not used within a few seconds from the window's load event. Please make sure it has an appropriate `as` value and it is preloaded intentionally. @ https://www.ysl.com/fr-fr:0
[  574451ms] [WARNING] The resource https://s.go-mpulse.net/boomerang/K9JYF-NA9GU-K758U-APJ5Q-E7LPJ was preloaded using link preload but not used within a few seconds from the window's load event. Please make sure it has an appropriate `as` value and it is preloaded intentionally. @ https://www.ysl.com/fr-fr:0
[  577964ms] [WARNING] The resource https://s.go-mpulse.net/boomerang/K9JYF-NA9GU-K758U-APJ5Q-E7LPJ was preloaded using link preload but not used within a few seconds from the window's load event. Please make sure it has an appropriate `as` value and it is preloaded intentionally. @ https://www.ysl.com/fr-fr:0
[  581477ms] [WARNING] The resource https://s.go-mpulse.net/boomerang/K9JYF-NA9GU-K758U-APJ5Q-E7LPJ was preloaded using link preload but not used within a few seconds from the window's load event. Please make sure it has an appropriate `as` value and it is preloaded intentionally. @ https://www.ysl.com/fr-fr:0
[  584982ms] [WARNING] The resource https://s.go-mpulse.net/boomerang/K9JYF-NA9GU-K758U-APJ5Q-E7LPJ was preloaded using link preload but not used within a few seconds from the window's load event. Please make sure it has an appropriate `as` value and it is preloaded intentionally. @ https://www.ysl.com/fr-fr:0
[  588484ms] [WARNING] The resource https://s.go-mpulse.net/boomerang/K9JYF-NA9GU-K758U-APJ5Q-E7LPJ was preloaded using link preload but not used within a few seconds from the window's load event. Please make sure it has an appropriate `as` value and it is preloaded intentionally. @ https://www.ysl.com/fr-fr:0
[  592012ms] [WARNING] The resource https://s.go-mpulse.net/boomerang/K9JYF-NA9GU-K758U-APJ5Q-E7LPJ was preloaded using link preload but not used within a few seconds from the window's load event. Please make sure it has an appropriate `as` value and it is preloaded intentionally. @ https://www.ysl.com/fr-fr:0
[  595520ms] [WARNING] The resource https://s.go-mpulse.net/boomerang/K9JYF-NA9GU-K758U-APJ5Q-E7LPJ was preloaded using link preload but not used within a few seconds from the window's load event. Please make sure it has an appropriate `as` value and it is preloaded intentionally. @ https://www.ysl.com/fr-fr:0
[  599018ms] [WARNING] The resource https://s.go-mpulse.net/boomerang/K9JYF-NA9GU-K758U-APJ5Q-E7LPJ was preloaded using link preload but not used within a few seconds from the window's load event. Please make sure it has an appropriate `as` value and it is preloaded intentionally. @ https://www.ysl.com/fr-fr:0
[  602570ms] [WARNING] The resource https://s.go-mpulse.net/boomerang/K9JYF-NA9GU-K758U-APJ5Q-E7LPJ was preloaded using link preload but not used within a few seconds from the window's load event. Please make sure it has an appropriate `as` value and it is preloaded intentionally. @ https://www.ysl.com/fr-fr:0
[  606050ms] [WARNING] The resource https://s.go-mpulse.net/boomerang/K9JYF-NA9GU-K758U-APJ5Q-E7LPJ was preloaded using link preload but not used within a few seconds from the window's load event. Please make sure it has an appropriate `as` value and it is preloaded intentionally. @ https://www.ysl.com/fr-fr:0
[  609560ms] [WARNING] The resource https://s.go-mpulse.net/boomerang/K9JYF-NA9GU-K758U-APJ5Q-E7LPJ was preloaded using link preload but not used within a few seconds from the window's load event. Please make sure it has an appropriate `as` value and it is preloaded intentionally. @ https://www.ysl.com/fr-fr:0
[  613094ms] [WARNING] The resource https://s.go-mpulse.net/boomerang/K9JYF-NA9GU-K758U-APJ5Q-E7LPJ was preloaded using link preload but not used within a few seconds from the window's load event. Please make sure it has an appropriate `as` value and it is preloaded intentionally. @ https://www.ysl.com/fr-fr:0
[  616616ms] [WARNING] The resource https://s.go-mpulse.net/boomerang/K9JYF-NA9GU-K758U-APJ5Q-E7LPJ was preloaded using link preload but not used within a few seconds from the window's load event. Please make sure it has an appropriate `as` value and it is preloaded intentionally. @ https://www.ysl.com/fr-fr:0
[  620126ms] [WARNING] The resource https://s.go-mpulse.net/boomerang/K9JYF-NA9GU-K758U-APJ5Q-E7LPJ was preloaded using link preload but not used within a few seconds from the window's load event. Please make sure it has an appropriate `as` value and it is preloaded intentionally. @ https://www.ysl.com/fr-fr:0
[  623611ms] [WARNING] The resource https://s.go-mpulse.net/boomerang/K9JYF-NA9GU-K758U-APJ5Q-E7LPJ was preloaded using link preload but not used within a few seconds from the window's load event. Please make sure it has an appropriate `as` value and it is preloaded intentionally. @ https://www.ysl.com/fr-fr:0
[  627112ms] [WARNING] The resource https://s.go-mpulse.net/boomerang/K9JYF-NA9GU-K758U-APJ5Q-E7LPJ was preloaded using link preload but not used within a few seconds from the window's load event. Please make sure it has an appropriate `as` value and it is preloaded intentionally. @ https://www.ysl.com/fr-fr:0
[  630627ms] [WARNING] The resource https://s.go-mpulse.net/boomerang/K9JYF-NA9GU-K758U-APJ5Q-E7LPJ was preloaded using link preload but not used within a few seconds from the window's load event. Please make sure it has an appropriate `as` value and it is preloaded intentionally. @ https://www.ysl.com/fr-fr:0
[  634156ms] [WARNING] The resource https://s.go-mpulse.net/boomerang/K9JYF-NA9GU-K758U-APJ5Q-E7LPJ was preloaded using link preload but not used within a few seconds from the window's load event. Please make sure it has an appropriate `as` value and it is preloaded intentionally. @ https://www.ysl.com/fr-fr:0
[  637661ms] [WARNING] The resource https://s.go-mpulse.net/boomerang/K9JYF-NA9GU-K758U-APJ5Q-E7LPJ was preloaded using link preload but not used within a few seconds from the window's load event. Please make sure it has an appropriate `as` value and it is preloaded intentionally. @ https://www.ysl.com/fr-fr:0
[  641181ms] [WARNING] The resource https://s.go-mpulse.net/boomerang/K9JYF-NA9GU-K758U-APJ5Q-E7LPJ was preloaded using link preload but not used within a few seconds from the window's load event. Please make sure it has an appropriate `as` value and it is preloaded intentionally. @ https://www.ysl.com/fr-fr:0
[  644710ms] [WARNING] The resource https://s.go-mpulse.net/boomerang/K9JYF-NA9GU-K758U-APJ5Q-E7LPJ was preloaded using link preload but not used within a few seconds from the window's load event. Please make sure it has an appropriate `as` value and it is preloaded intentionally. @ https://www.ysl.com/fr-fr:0
[  648190ms] [WARNING] The resource https://s.go-mpulse.net/boomerang/K9JYF-NA9GU-K758U-APJ5Q-E7LPJ was preloaded using link preload but not used within a few seconds from the window's load event. Please make sure it has an appropriate `as` value and it is preloaded intentionally. @ https://www.ysl.com/fr-fr:0
[  651713ms] [WARNING] The resource https://s.go-mpulse.net/boomerang/K9JYF-NA9GU-K758U-APJ5Q-E7LPJ was preloaded using link preload but not used within a few seconds from the window's load event. Please make sure it has an appropriate `as` value and it is preloaded intentionally. @ https://www.ysl.com/fr-fr:0
[  655214ms] [WARNING] The resource https://s.go-mpulse.net/boomerang/K9JYF-NA9GU-K758U-APJ5Q-E7LPJ was preloaded using link preload but not used within a few seconds from the window's load event. Please make sure it has an appropriate `as` value and it is preloaded intentionally. @ https://www.ysl.com/fr-fr:0
[  658725ms] [WARNING] The resource https://s.go-mpulse.net/boomerang/K9JYF-NA9GU-K758U-APJ5Q-E7LPJ was preloaded using link preload but not used within a few seconds from the window's load event. Please make sure it has an appropriate `as` value and it is preloaded intentionally. @ https://www.ysl.com/fr-fr:0
[  662240ms] [WARNING] The resource https://s.go-mpulse.net/boomerang/K9JYF-NA9GU-K758U-APJ5Q-E7LPJ was preloaded using link preload but not used within a few seconds from the window's load event. Please make sure it has an appropriate `as` value and it is preloaded intentionally. @ https://www.ysl.com/fr-fr:0
[  665761ms] [WARNING] The resource https://s.go-mpulse.net/boomerang/K9JYF-NA9GU-K758U-APJ5Q-E7LPJ was preloaded using link preload but not used within a few seconds from the window's load event. Please make sure it has an appropriate `as` value and it is preloaded intentionally. @ https://www.ysl.com/fr-fr:0
[  669288ms] [WARNING] The resource https://s.go-mpulse.net/boomerang/K9JYF-NA9GU-K758U-APJ5Q-E7LPJ was preloaded using link preload but not used within a few seconds from the window's load event. Please make sure it has an appropriate `as` value and it is preloaded intentionally. @ https://www.ysl.com/fr-fr:0
[  672808ms] [WARNING] The resource https://s.go-mpulse.net/boomerang/K9JYF-NA9GU-K758U-APJ5Q-E7LPJ was preloaded using link preload but not used within a few seconds from the window's load event. Please make sure it has an appropriate `as` value and it is preloaded intentionally. @ https://www.ysl.com/fr-fr:0
[  676288ms] [WARNING] The resource https://s.go-mpulse.net/boomerang/K9JYF-NA9GU-K758U-APJ5Q-E7LPJ was preloaded using link preload but not used within a few seconds from the window's load event. Please make sure it has an appropriate `as` value and it is preloaded intentionally. @ https://www.ysl.com/fr-fr:0
[  679802ms] [WARNING] The resource https://s.go-mpulse.net/boomerang/K9JYF-NA9GU-K758U-APJ5Q-E7LPJ was preloaded using link preload but not used within a few seconds from the window's load event. Please make sure it has an appropriate `as` value and it is preloaded intentionally. @ https://www.ysl.com/fr-fr:0
[  683311ms] [WARNING] The resource https://s.go-mpulse.net/boomerang/K9JYF-NA9GU-K758U-APJ5Q-E7LPJ was preloaded using link preload but not used within a few seconds from the window's load event. Please make sure it has an appropriate `as` value and it is preloaded intentionally. @ https://www.ysl.com/fr-fr:0
[  686818ms] [WARNING] The resource https://s.go-mpulse.net/boomerang/K9JYF-NA9GU-K758U-APJ5Q-E7LPJ was preloaded using link preload but not used within a few seconds from the window's load event. Please make sure it has an appropriate `as` value and it is preloaded intentionally. @ https://www.ysl.com/fr-fr:0
[  690337ms] [WARNING] The resource https://s.go-mpulse.net/boomerang/K9JYF-NA9GU-K758U-APJ5Q-E7LPJ was preloaded using link preload but not used within a few seconds from the window's load event. Please make sure it has an appropriate `as` value and it is preloaded intentionally. @ https://www.ysl.com/fr-fr:0
[  693849ms] [WARNING] The resource https://s.go-mpulse.net/boomerang/K9JYF-NA9GU-K758U-APJ5Q-E7LPJ was preloaded using link preload but not used within a few seconds from the window's load event. Please make sure it has an appropriate `as` value and it is preloaded intentionally. @ https://www.ysl.com/fr-fr:0
[  697391ms] [WARNING] The resource https://s.go-mpulse.net/boomerang/K9JYF-NA9GU-K758U-APJ5Q-E7LPJ was preloaded using link preload but not used within a few seconds from the window's load event. Please make sure it has an appropriate `as` value and it is preloaded intentionally. @ https://www.ysl.com/fr-fr:0
[  700896ms] [WARNING] The resource https://s.go-mpulse.net/boomerang/K9JYF-NA9GU-K758U-APJ5Q-E7LPJ was preloaded using link preload but not used within a few seconds from the window's load event. Please make sure it has an appropriate `as` value and it is preloaded intentionally. @ https://www.ysl.com/fr-fr:0
[  704397ms] [WARNING] The resource https://s.go-mpulse.net/boomerang/K9JYF-NA9GU-K758U-APJ5Q-E7LPJ was preloaded using link preload but not used within a few seconds from the window's load event. Please make sure it has an appropriate `as` value and it is preloaded intentionally. @ https://www.ysl.com/fr-fr:0
[  707923ms] [WARNING] The resource https://s.go-mpulse.net/boomerang/K9JYF-NA9GU-K758U-APJ5Q-E7LPJ was preloaded using link preload but not used within a few seconds from the window's load event. Please make sure it has an appropriate `as` value and it is preloaded intentionally. @ https://www.ysl.com/fr-fr:0
[  711427ms] [WARNING] The resource https://s.go-mpulse.net/boomerang/K9JYF-NA9GU-K758U-APJ5Q-E7LPJ was preloaded using link preload but not used within a few seconds from the window's load event. Please make sure it has an appropriate `as` value and it is preloaded intentionally. @ https://www.ysl.com/fr-fr:0
[  714904ms] [WARNING] The resource https://s.go-mpulse.net/boomerang/K9JYF-NA9GU-K758U-APJ5Q-E7LPJ was preloaded using link preload but not used within a few seconds from the window's load event. Please make sure it has an appropriate `as` value and it is preloaded intentionally. @ https://www.ysl.com/fr-fr:0
[  718426ms] [WARNING] The resource https://s.go-mpulse.net/boomerang/K9JYF-NA9GU-K758U-APJ5Q-E7LPJ was preloaded using link preload but not used within a few seconds from the window's load event. Please make sure it has an appropriate `as` value and it is preloaded intentionally. @ https://www.ysl.com/fr-fr:0
[  725441ms] [WARNING] The resource https://s.go-mpulse.net/boomerang/K9JYF-NA9GU-K758U-APJ5Q-E7LPJ was preloaded using link preload but not used within a few seconds from the window's load event. Please make sure it has an appropriate `as` value and it is preloaded intentionally. @ https://www.ysl.com/fr-fr:0
[  728944ms] [WARNING] The resource https://s.go-mpulse.net/boomerang/K9JYF-NA9GU-K758U-APJ5Q-E7LPJ was preloaded using link preload but not used within a few seconds from the window's load event. Please make sure it has an appropriate `as` value and it is preloaded intentionally. @ https://www.ysl.com/fr-fr:0
[  732476ms] [WARNING] The resource https://s.go-mpulse.net/boomerang/K9JYF-NA9GU-K758U-APJ5Q-E7LPJ was preloaded using link preload but not used within a few seconds from the window's load event. Please make sure it has an appropriate `as` value and it is preloaded intentionally. @ https://www.ysl.com/fr-fr:0
[  735961ms] [WARNING] The resource https://s.go-mpulse.net/boomerang/K9JYF-NA9GU-K758U-APJ5Q-E7LPJ was preloaded using link preload but not used within a few seconds from the window's load event. Please make sure it has an appropriate `as` value and it is preloaded intentionally. @ https://www.ysl.com/fr-fr:0
[  739464ms] [WARNING] The resource https://s.go-mpulse.net/boomerang/K9JYF-NA9GU-K758U-APJ5Q-E7LPJ was preloaded using link preload but not used within a few seconds from the window's load event. Please make sure it has an appropriate `as` value and it is preloaded intentionally. @ https://www.ysl.com/fr-fr:0
[  743033ms] [WARNING] The resource https://s.go-mpulse.net/boomerang/K9JYF-NA9GU-K758U-APJ5Q-E7LPJ was preloaded using link preload but not used within a few seconds from the window's load event. Please make sure it has an appropriate `as` value and it is preloaded intentionally. @ https://www.ysl.com/fr-fr:0
[  746520ms] [WARNING] The resource https://s.go-mpulse.net/boomerang/K9JYF-NA9GU-K758U-APJ5Q-E7LPJ was preloaded using link preload but not used within a few seconds from the window's load event. Please make sure it has an appropriate `as` value and it is preloaded intentionally. @ https://www.ysl.com/fr-fr:0
[  750027ms] [WARNING] The resource https://s.go-mpulse.net/boomerang/K9JYF-NA9GU-K758U-APJ5Q-E7LPJ was preloaded using link preload but not used within a few seconds from the window's load event. Please make sure it has an appropriate `as` value and it is preloaded intentionally. @ https://www.ysl.com/fr-fr:0
[  753571ms] [WARNING] The resource https://s.go-mpulse.net/boomerang/K9JYF-NA9GU-K758U-APJ5Q-E7LPJ was preloaded using link preload but not used within a few seconds from the window's load event. Please make sure it has an appropriate `as` value and it is preloaded intentionally. @ https://www.ysl.com/fr-fr:0
[  757089ms] [WARNING] The resource https://s.go-mpulse.net/boomerang/K9JYF-NA9GU-K758U-APJ5Q-E7LPJ was preloaded using link preload but not used within a few seconds from the window's load event. Please make sure it has an appropriate `as` value and it is preloaded intentionally. @ https://www.ysl.com/fr-fr:0
[  760566ms] [WARNING] The resource https://s.go-mpulse.net/boomerang/K9JYF-NA9GU-K758U-APJ5Q-E7LPJ was preloaded using link preload but not used within a few seconds from the window's load event. Please make sure it has an appropriate `as` value and it is preloaded intentionally. @ https://www.ysl.com/fr-fr:0
[  764044ms] [WARNING] The resource https://s.go-mpulse.net/boomerang/K9JYF-NA9GU-K758U-APJ5Q-E7LPJ was preloaded using link preload but not used within a few seconds from the window's load event. Please make sure it has an appropriate `as` value and it is preloaded intentionally. @ https://www.ysl.com/fr-fr:0
[  767568ms] [WARNING] The resource https://s.go-mpulse.net/boomerang/K9JYF-NA9GU-K758U-APJ5Q-E7LPJ was preloaded using link preload but not used within a few seconds from the window's load event. Please make sure it has an appropriate `as` value and it is preloaded intentionally. @ https://www.ysl.com/fr-fr:0
[  771086ms] [WARNING] The resource https://s.go-mpulse.net/boomerang/K9JYF-NA9GU-K758U-APJ5Q-E7LPJ was preloaded using link preload but not used within a few seconds from the window's load event. Please make sure it has an appropriate `as` value and it is preloaded intentionally. @ https://www.ysl.com/fr-fr:0
[  774597ms] [WARNING] The resource https://s.go-mpulse.net/boomerang/K9JYF-NA9GU-K758U-APJ5Q-E7LPJ was preloaded using link preload but not used within a few seconds from the window's load event. Please make sure it has an appropriate `as` value and it is preloaded intentionally. @ https://www.ysl.com/fr-fr:0
[  778093ms] [WARNING] The resource https://s.go-mpulse.net/boomerang/K9JYF-NA9GU-K758U-APJ5Q-E7LPJ was preloaded using link preload but not used within a few seconds from the window's load event. Please make sure it has an appropriate `as` value and it is preloaded intentionally. @ https://www.ysl.com/fr-fr:0
[  781605ms] [WARNING] The resource https://s.go-mpulse.net/boomerang/K9JYF-NA9GU-K758U-APJ5Q-E7LPJ was preloaded using link preload but not used within a few seconds from the window's load event. Please make sure it has an appropriate `as` value and it is preloaded intentionally. @ https://www.ysl.com/fr-fr:0
[  785119ms] [WARNING] The resource https://s.go-mpulse.net/boomerang/K9JYF-NA9GU-K758U-APJ5Q-E7LPJ was preloaded using link preload but not used within a few seconds from the window's load event. Please make sure it has an appropriate `as` value and it is preloaded intentionally. @ https://www.ysl.com/fr-fr:0
[  788632ms] [WARNING] The resource https://s.go-mpulse.net/boomerang/K9JYF-NA9GU-K758U-APJ5Q-E7LPJ was preloaded using link preload but not used within a few seconds from the window's load event. Please make sure it has an appropriate `as` value and it is preloaded intentionally. @ https://www.ysl.com/fr-fr:0
[  792158ms] [WARNING] The resource https://s.go-mpulse.net/boomerang/K9JYF-NA9GU-K758U-APJ5Q-E7LPJ was preloaded using link preload but not used within a few seconds from the window's load event. Please make sure it has an appropriate `as` value and it is preloaded intentionally. @ https://www.ysl.com/fr-fr:0
[  795641ms] [WARNING] The resource https://s.go-mpulse.net/boomerang/K9JYF-NA9GU-K758U-APJ5Q-E7LPJ was preloaded using link preload but not used within a few seconds from the window's load event. Please make sure it has an appropriate `as` value and it is preloaded intentionally. @ https://www.ysl.com/fr-fr:0
[  799144ms] [WARNING] The resource https://s.go-mpulse.net/boomerang/K9JYF-NA9GU-K758U-APJ5Q-E7LPJ was preloaded using link preload but not used within a few seconds from the window's load event. Please make sure it has an appropriate `as` value and it is preloaded intentionally. @ https://www.ysl.com/fr-fr:0
[  802656ms] [WARNING] The resource https://s.go-mpulse.net/boomerang/K9JYF-NA9GU-K758U-APJ5Q-E7LPJ was preloaded using link preload but not used within a few seconds from the window's load event. Please make sure it has an appropriate `as` value and it is preloaded intentionally. @ https://www.ysl.com/fr-fr:0
[  806162ms] [WARNING] The resource https://s.go-mpulse.net/boomerang/K9JYF-NA9GU-K758U-APJ5Q-E7LPJ was preloaded using link preload but not used within a few seconds from the window's load event. Please make sure it has an appropriate `as` value and it is preloaded intentionally. @ https://www.ysl.com/fr-fr:0
[  809674ms] [WARNING] The resource https://s.go-mpulse.net/boomerang/K9JYF-NA9GU-K758U-APJ5Q-E7LPJ was preloaded using link preload but not used within a few seconds from the window's load event. Please make sure it has an appropriate `as` value and it is preloaded intentionally. @ https://www.ysl.com/fr-fr:0
[  813183ms] [WARNING] The resource https://s.go-mpulse.net/boomerang/K9JYF-NA9GU-K758U-APJ5Q-E7LPJ was preloaded using link preload but not used within a few seconds from the window's load event. Please make sure it has an appropriate `as` value and it is preloaded intentionally. @ https://www.ysl.com/fr-fr:0
[  816726ms] [WARNING] The resource https://s.go-mpulse.net/boomerang/K9JYF-NA9GU-K758U-APJ5Q-E7LPJ was preloaded using link preload but not used within a few seconds from the window's load event. Please make sure it has an appropriate `as` value and it is preloaded intentionally. @ https://www.ysl.com/fr-fr:0
[  820213ms] [WARNING] The resource https://s.go-mpulse.net/boomerang/K9JYF-NA9GU-K758U-APJ5Q-E7LPJ was preloaded using link preload but not used within a few seconds from the window's load event. Please make sure it has an appropriate `as` value and it is preloaded intentionally. @ https://www.ysl.com/fr-fr:0
[  823721ms] [WARNING] The resource https://s.go-mpulse.net/boomerang/K9JYF-NA9GU-K758U-APJ5Q-E7LPJ was preloaded using link preload but not used within a few seconds from the window's load event. Please make sure it has an appropriate `as` value and it is preloaded intentionally. @ https://www.ysl.com/fr-fr:0
[  827237ms] [WARNING] The resource https://s.go-mpulse.net/boomerang/K9JYF-NA9GU-K758U-APJ5Q-E7LPJ was preloaded using link preload but not used within a few seconds from the window's load event. Please make sure it has an appropriate `as` value and it is preloaded intentionally. @ https://www.ysl.com/fr-fr:0
[  830738ms] [WARNING] The resource https://s.go-mpulse.net/boomerang/K9JYF-NA9GU-K758U-APJ5Q-E7LPJ was preloaded using link preload but not used within a few seconds from the window's load event. Please make sure it has an appropriate `as` value and it is preloaded intentionally. @ https://www.ysl.com/fr-fr:0
[  834272ms] [WARNING] The resource https://s.go-mpulse.net/boomerang/K9JYF-NA9GU-K758U-APJ5Q-E7LPJ was preloaded using link preload but not used within a few seconds from the window's load event. Please make sure it has an appropriate `as` value and it is preloaded intentionally. @ https://www.ysl.com/fr-fr:0
[  837762ms] [WARNING] The resource https://s.go-mpulse.net/boomerang/K9JYF-NA9GU-K758U-APJ5Q-E7LPJ was preloaded using link preload but not used within a few seconds from the window's load event. Please make sure it has an appropriate `as` value and it is preloaded intentionally. @ https://www.ysl.com/fr-fr:0
[  841305ms] [WARNING] The resource https://s.go-mpulse.net/boomerang/K9JYF-NA9GU-K758U-APJ5Q-E7LPJ was preloaded using link preload but not used within a few seconds from the window's load event. Please make sure it has an appropriate `as` value and it is preloaded intentionally. @ https://www.ysl.com/fr-fr:0
[  844781ms] [WARNING] The resource https://s.go-mpulse.net/boomerang/K9JYF-NA9GU-K758U-APJ5Q-E7LPJ was preloaded using link preload but not used within a few seconds from the window's load event. Please make sure it has an appropriate `as` value and it is preloaded intentionally. @ https://www.ysl.com/fr-fr:0
[  848307ms] [WARNING] The resource https://s.go-mpulse.net/boomerang/K9JYF-NA9GU-K758U-APJ5Q-E7LPJ was preloaded using link preload but not used within a few seconds from the window's load event. Please make sure it has an appropriate `as` value and it is preloaded intentionally. @ https://www.ysl.com/fr-fr:0
[  851817ms] [WARNING] The resource https://s.go-mpulse.net/boomerang/K9JYF-NA9GU-K758U-APJ5Q-E7LPJ was preloaded using link preload but not used within a few seconds from the window's load event. Please make sure it has an appropriate `as` value and it is preloaded intentionally. @ https://www.ysl.com/fr-fr:0
[  855321ms] [WARNING] The resource https://s.go-mpulse.net/boomerang/K9JYF-NA9GU-K758U-APJ5Q-E7LPJ was preloaded using link preload but not used within a few seconds from the window's load event. Please make sure it has an appropriate `as` value and it is preloaded intentionally. @ https://www.ysl.com/fr-fr:0
[  858856ms] [WARNING] The resource https://s.go-mpulse.net/boomerang/K9JYF-NA9GU-K758U-APJ5Q-E7LPJ was preloaded using link preload but not used within a few seconds from the window's load event. Please make sure it has an appropriate `as` value and it is preloaded intentionally. @ https://www.ysl.com/fr-fr:0
[  862373ms] [WARNING] The resource https://s.go-mpulse.net/boomerang/K9JYF-NA9GU-K758U-APJ5Q-E7LPJ was preloaded using link preload but not used within a few seconds from the window's load event. Please make sure it has an appropriate `as` value and it is preloaded intentionally. @ https://www.ysl.com/fr-fr:0
[  865847ms] [WARNING] The resource https://s.go-mpulse.net/boomerang/K9JYF-NA9GU-K758U-APJ5Q-E7LPJ was preloaded using link preload but not used within a few seconds from the window's load event. Please make sure it has an appropriate `as` value and it is preloaded intentionally. @ https://www.ysl.com/fr-fr:0
[  869360ms] [WARNING] The resource https://s.go-mpulse.net/boomerang/K9JYF-NA9GU-K758U-APJ5Q-E7LPJ was preloaded using link preload but not used within a few seconds from the window's load event. Please make sure it has an appropriate `as` value and it is preloaded intentionally. @ https://www.ysl.com/fr-fr:0
[  872878ms] [WARNING] The resource https://s.go-mpulse.net/boomerang/K9JYF-NA9GU-K758U-APJ5Q-E7LPJ was preloaded using link preload but not used within a few seconds from the window's load event. Please make sure it has an appropriate `as` value and it is preloaded intentionally. @ https://www.ysl.com/fr-fr:0
[  876389ms] [WARNING] The resource https://s.go-mpulse.net/boomerang/K9JYF-NA9GU-K758U-APJ5Q-E7LPJ was preloaded using link preload but not used within a few seconds from the window's load event. Please make sure it has an appropriate `as` value and it is preloaded intentionally. @ https://www.ysl.com/fr-fr:0
[  879878ms] [WARNING] The resource https://s.go-mpulse.net/boomerang/K9JYF-NA9GU-K758U-APJ5Q-E7LPJ was preloaded using link preload but not used within a few seconds from the window's load event. Please make sure it has an appropriate `as` value and it is preloaded intentionally. @ https://www.ysl.com/fr-fr:0
[  883400ms] [WARNING] The resource https://s.go-mpulse.net/boomerang/K9JYF-NA9GU-K758U-APJ5Q-E7LPJ was preloaded using link preload but not used within a few seconds from the window's load event. Please make sure it has an appropriate `as` value and it is preloaded intentionally. @ https://www.ysl.com/fr-fr:0
[  886914ms] [WARNING] The resource https://s.go-mpulse.net/boomerang/K9JYF-NA9GU-K758U-APJ5Q-E7LPJ was preloaded using link preload but not used within a few seconds from the window's load event. Please make sure it has an appropriate `as` value and it is preloaded intentionally. @ https://www.ysl.com/fr-fr:0
[  890426ms] [WARNING] The resource https://s.go-mpulse.net/boomerang/K9JYF-NA9GU-K758U-APJ5Q-E7LPJ was preloaded using link preload but not used within a few seconds from the window's load event. Please make sure it has an appropriate `as` value and it is preloaded intentionally. @ https://www.ysl.com/fr-fr:0
[  893914ms] [WARNING] The resource https://s.go-mpulse.net/boomerang/K9JYF-NA9GU-K758U-APJ5Q-E7LPJ was preloaded using link preload but not used within a few seconds from the window's load event. Please make sure it has an appropriate `as` value and it is preloaded intentionally. @ https://www.ysl.com/fr-fr:0
[  897429ms] [WARNING] The resource https://s.go-mpulse.net/boomerang/K9JYF-NA9GU-K758U-APJ5Q-E7LPJ was preloaded using link preload but not used within a few seconds from the window's load event. Please make sure it has an appropriate `as` value and it is preloaded intentionally. @ https://www.ysl.com/fr-fr:0
[  900967ms] [WARNING] The resource https://s.go-mpulse.net/boomerang/K9JYF-NA9GU-K758U-APJ5Q-E7LPJ was preloaded using link preload but not used within a few seconds from the window's load event. Please make sure it has an appropriate `as` value and it is preloaded intentionally. @ https://www.ysl.com/fr-fr:0
[  904450ms] [WARNING] The resource https://s.go-mpulse.net/boomerang/K9JYF-NA9GU-K758U-APJ5Q-E7LPJ was preloaded using link preload but not used within a few seconds from the window's load event. Please make sure it has an appropriate `as` value and it is preloaded intentionally. @ https://www.ysl.com/fr-fr:0
[  907949ms] [WARNING] The resource https://s.go-mpulse.net/boomerang/K9JYF-NA9GU-K758U-APJ5Q-E7LPJ was preloaded using link preload but not used within a few seconds from the window's load event. Please make sure it has an appropriate `as` value and it is preloaded intentionally. @ https://www.ysl.com/fr-fr:0
[  911476ms] [WARNING] The resource https://s.go-mpulse.net/boomerang/K9JYF-NA9GU-K758U-APJ5Q-E7LPJ was preloaded using link preload but not used within a few seconds from the window's load event. Please make sure it has an appropriate `as` value and it is preloaded intentionally. @ https://www.ysl.com/fr-fr:0
[  914987ms] [WARNING] The resource https://s.go-mpulse.net/boomerang/K9JYF-NA9GU-K758U-APJ5Q-E7LPJ was preloaded using link preload but not used within a few seconds from the window's load event. Please make sure it has an appropriate `as` value and it is preloaded intentionally. @ https://www.ysl.com/fr-fr:0
[  918529ms] [WARNING] The resource https://s.go-mpulse.net/boomerang/K9JYF-NA9GU-K758U-APJ5Q-E7LPJ was preloaded using link preload but not used within a few seconds from the window's load event. Please make sure it has an appropriate `as` value and it is preloaded intentionally. @ https://www.ysl.com/fr-fr:0
[  922014ms] [WARNING] The resource https://s.go-mpulse.net/boomerang/K9JYF-NA9GU-K758U-APJ5Q-E7LPJ was preloaded using link preload but not used within a few seconds from the window's load event. Please make sure it has an appropriate `as` value and it is preloaded intentionally. @ https://www.ysl.com/fr-fr:0
[  925535ms] [WARNING] The resource https://s.go-mpulse.net/boomerang/K9JYF-NA9GU-K758U-APJ5Q-E7LPJ was preloaded using link preload but not used within a few seconds from the window's load event. Please make sure it has an appropriate `as` value and it is preloaded intentionally. @ https://www.ysl.com/fr-fr:0
[  929029ms] [WARNING] The resource https://s.go-mpulse.net/boomerang/K9JYF-NA9GU-K758U-APJ5Q-E7LPJ was preloaded using link preload but not used within a few seconds from the window's load event. Please make sure it has an appropriate `as` value and it is preloaded intentionally. @ https://www.ysl.com/fr-fr:0
[  932540ms] [WARNING] The resource https://s.go-mpulse.net/boomerang/K9JYF-NA9GU-K758U-APJ5Q-E7LPJ was preloaded using link preload but not used within a few seconds from the window's load event. Please make sure it has an appropriate `as` value and it is preloaded intentionally. @ https://www.ysl.com/fr-fr:0
[  936068ms] [WARNING] The resource https://s.go-mpulse.net/boomerang/K9JYF-NA9GU-K758U-APJ5Q-E7LPJ was preloaded using link preload but not used within a few seconds from the window's load event. Please make sure it has an appropriate `as` value and it is preloaded intentionally. @ https://www.ysl.com/fr-fr:0
[  939568ms] [WARNING] The resource https://s.go-mpulse.net/boomerang/K9JYF-NA9GU-K758U-APJ5Q-E7LPJ was preloaded using link preload but not used within a few seconds from the window's load event. Please make sure it has an appropriate `as` value and it is preloaded intentionally. @ https://www.ysl.com/fr-fr:0
[  943088ms] [WARNING] The resource https://s.go-mpulse.net/boomerang/K9JYF-NA9GU-K758U-APJ5Q-E7LPJ was preloaded using link preload but not used within a few seconds from the window's load event. Please make sure it has an appropriate `as` value and it is preloaded intentionally. @ https://www.ysl.com/fr-fr:0
[  946591ms] [WARNING] The resource https://s.go-mpulse.net/boomerang/K9JYF-NA9GU-K758U-APJ5Q-E7LPJ was preloaded using link preload but not used within a few seconds from the window's load event. Please make sure it has an appropriate `as` value and it is preloaded intentionally. @ https://www.ysl.com/fr-fr:0
[  950134ms] [WARNING] The resource https://s.go-mpulse.net/boomerang/K9JYF-NA9GU-K758U-APJ5Q-E7LPJ was preloaded using link preload but not used within a few seconds from the window's load event. Please make sure it has an appropriate `as` value and it is preloaded intentionally. @ https://www.ysl.com/fr-fr:0
[  953615ms] [WARNING] The resource https://s.go-mpulse.net/boomerang/K9JYF-NA9GU-K758U-APJ5Q-E7LPJ was preloaded using link preload but not used within a few seconds from the window's load event. Please make sure it has an appropriate `as` value and it is preloaded intentionally. @ https://www.ysl.com/fr-fr:0
[  957129ms] [WARNING] The resource https://s.go-mpulse.net/boomerang/K9JYF-NA9GU-K758U-APJ5Q-E7LPJ was preloaded using link preload but not used within a few seconds from the window's load event. Please make sure it has an appropriate `as` value and it is preloaded intentionally. @ https://www.ysl.com/fr-fr:0
[  960635ms] [WARNING] The resource https://s.go-mpulse.net/boomerang/K9JYF-NA9GU-K758U-APJ5Q-E7LPJ was preloaded using link preload but not used within a few seconds from the window's load event. Please make sure it has an appropriate `as` value and it is preloaded intentionally. @ https://www.ysl.com/fr-fr:0
[  964153ms] [WARNING] The resource https://s.go-mpulse.net/boomerang/K9JYF-NA9GU-K758U-APJ5Q-E7LPJ was preloaded using link preload but not used within a few seconds from the window's load event. Please make sure it has an appropriate `as` value and it is preloaded intentionally. @ https://www.ysl.com/fr-fr:0
[  967682ms] [WARNING] The resource https://s.go-mpulse.net/boomerang/K9JYF-NA9GU-K758U-APJ5Q-E7LPJ was preloaded using link preload but not used within a few seconds from the window's load event. Please make sure it has an appropriate `as` value and it is preloaded intentionally. @ https://www.ysl.com/fr-fr:0
[  971184ms] [WARNING] The resource https://s.go-mpulse.net/boomerang/K9JYF-NA9GU-K758U-APJ5Q-E7LPJ was preloaded using link preload but not used within a few seconds from the window's load event. Please make sure it has an appropriate `as` value and it is preloaded intentionally. @ https://www.ysl.com/fr-fr:0
[  974686ms] [WARNING] The resource https://s.go-mpulse.net/boomerang/K9JYF-NA9GU-K758U-APJ5Q-E7LPJ was preloaded using link preload but not used within a few seconds from the window's load event. Please make sure it has an appropriate `as` value and it is preloaded intentionally. @ https://www.ysl.com/fr-fr:0
[  978194ms] [WARNING] The resource https://s.go-mpulse.net/boomerang/K9JYF-NA9GU-K758U-APJ5Q-E7LPJ was preloaded using link preload but not used within a few seconds from the window's load event. Please make sure it has an appropriate `as` value and it is preloaded intentionally. @ https://www.ysl.com/fr-fr:0
[  981715ms] [WARNING] The resource https://s.go-mpulse.net/boomerang/K9JYF-NA9GU-K758U-APJ5Q-E7LPJ was preloaded using link preload but not used within a few seconds from the window's load event. Please make sure it has an appropriate `as` value and it is preloaded intentionally. @ https://www.ysl.com/fr-fr:0
[  985257ms] [WARNING] The resource https://s.go-mpulse.net/boomerang/K9JYF-NA9GU-K758U-APJ5Q-E7LPJ was preloaded using link preload but not used within a few seconds from the window's load event. Please make sure it has an appropriate `as` value and it is preloaded intentionally. @ https://www.ysl.com/fr-fr:0
[  988728ms] [WARNING] The resource https://s.go-mpulse.net/boomerang/K9JYF-NA9GU-K758U-APJ5Q-E7LPJ was preloaded using link preload but not used within a few seconds from the window's load event. Please make sure it has an appropriate `as` value and it is preloaded intentionally. @ https://www.ysl.com/fr-fr:0
[  992296ms] [WARNING] The resource https://s.go-mpulse.net/boomerang/K9JYF-NA9GU-K758U-APJ5Q-E7LPJ was preloaded using link preload but not used within a few seconds from the window's load event. Please make sure it has an appropriate `as` value and it is preloaded intentionally. @ https://www.ysl.com/fr-fr:0
[  995757ms] [WARNING] The resource https://s.go-mpulse.net/boomerang/K9JYF-NA9GU-K758U-APJ5Q-E7LPJ was preloaded using link preload but not used within a few seconds from the window's load event. Please make sure it has an appropriate `as` value and it is preloaded intentionally. @ https://www.ysl.com/fr-fr:0
[  999264ms] [WARNING] The resource https://s.go-mpulse.net/boomerang/K9JYF-NA9GU-K758U-APJ5Q-E7LPJ was preloaded using link preload but not used within a few seconds from the window's load event. Please make sure it has an appropriate `as` value and it is preloaded intentionally. @ https://www.ysl.com/fr-fr:0
[ 1002773ms] [WARNING] The resource https://s.go-mpulse.net/boomerang/K9JYF-NA9GU-K758U-APJ5Q-E7LPJ was preloaded using link preload but not used within a few seconds from the window's load event. Please make sure it has an appropriate `as` value and it is preloaded intentionally. @ https://www.ysl.com/fr-fr:0
[ 1006321ms] [WARNING] The resource https://s.go-mpulse.net/boomerang/K9JYF-NA9GU-K758U-APJ5Q-E7LPJ was preloaded using link preload but not used within a few seconds from the window's load event. Please make sure it has an appropriate `as` value and it is preloaded intentionally. @ https://www.ysl.com/fr-fr:0
[ 1009830ms] [WARNING] The resource https://s.go-mpulse.net/boomerang/K9JYF-NA9GU-K758U-APJ5Q-E7LPJ was preloaded using link preload but not used within a few seconds from the window's load event. Please make sure it has an appropriate `as` value and it is preloaded intentionally. @ https://www.ysl.com/fr-fr:0
[ 1013303ms] [WARNING] The resource https://s.go-mpulse.net/boomerang/K9JYF-NA9GU-K758U-APJ5Q-E7LPJ was preloaded using link preload but not used within a few seconds from the window's load event. Please make sure it has an appropriate `as` value and it is preloaded intentionally. @ https://www.ysl.com/fr-fr:0
[ 1016821ms] [WARNING] The resource https://s.go-mpulse.net/boomerang/K9JYF-NA9GU-K758U-APJ5Q-E7LPJ was preloaded using link preload but not used within a few seconds from the window's load event. Please make sure it has an appropriate `as` value and it is preloaded intentionally. @ https://www.ysl.com/fr-fr:0
[ 1020324ms] [WARNING] The resource https://s.go-mpulse.net/boomerang/K9JYF-NA9GU-K758U-APJ5Q-E7LPJ was preloaded using link preload but not used within a few seconds from the window's load event. Please make sure it has an appropriate `as` value and it is preloaded intentionally. @ https://www.ysl.com/fr-fr:0
[ 1023844ms] [WARNING] The resource https://s.go-mpulse.net/boomerang/K9JYF-NA9GU-K758U-APJ5Q-E7LPJ was preloaded using link preload but not used within a few seconds from the window's load event. Please make sure it has an appropriate `as` value and it is preloaded intentionally. @ https://www.ysl.com/fr-fr:0
[ 1027374ms] [WARNING] The resource https://s.go-mpulse.net/boomerang/K9JYF-NA9GU-K758U-APJ5Q-E7LPJ was preloaded using link preload but not used within a few seconds from the window's load event. Please make sure it has an appropriate `as` value and it is preloaded intentionally. @ https://www.ysl.com/fr-fr:0
[ 1030867ms] [WARNING] The resource https://s.go-mpulse.net/boomerang/K9JYF-NA9GU-K758U-APJ5Q-E7LPJ was preloaded using link preload but not used within a few seconds from the window's load event. Please make sure it has an appropriate `as` value and it is preloaded intentionally. @ https://www.ysl.com/fr-fr:0
[ 1034401ms] [WARNING] The resource https://s.go-mpulse.net/boomerang/K9JYF-NA9GU-K758U-APJ5Q-E7LPJ was preloaded using link preload but not used within a few seconds from the window's load event. Please make sure it has an appropriate `as` value and it is preloaded intentionally. @ https://www.ysl.com/fr-fr:0
[ 1037897ms] [WARNING] The resource https://s.go-mpulse.net/boomerang/K9JYF-NA9GU-K758U-APJ5Q-E7LPJ was preloaded using link preload but not used within a few seconds from the window's load event. Please make sure it has an appropriate `as` value and it is preloaded intentionally. @ https://www.ysl.com/fr-fr:0
[ 1041447ms] [WARNING] The resource https://s.go-mpulse.net/boomerang/K9JYF-NA9GU-K758U-APJ5Q-E7LPJ was preloaded using link preload but not used within a few seconds from the window's load event. Please make sure it has an appropriate `as` value and it is preloaded intentionally. @ https://www.ysl.com/fr-fr:0
[ 1044938ms] [WARNING] The resource https://s.go-mpulse.net/boomerang/K9JYF-NA9GU-K758U-APJ5Q-E7LPJ was preloaded using link preload but not used within a few seconds from the window's load event. Please make sure it has an appropriate `as` value and it is preloaded intentionally. @ https://www.ysl.com/fr-fr:0
[ 1048436ms] [WARNING] The resource https://s.go-mpulse.net/boomerang/K9JYF-NA9GU-K758U-APJ5Q-E7LPJ was preloaded using link preload but not used within a few seconds from the window's load event. Please make sure it has an appropriate `as` value and it is preloaded intentionally. @ https://www.ysl.com/fr-fr:0
[ 1051969ms] [WARNING] The resource https://s.go-mpulse.net/boomerang/K9JYF-NA9GU-K758U-APJ5Q-E7LPJ was preloaded using link preload but not used within a few seconds from the window's load event. Please make sure it has an appropriate `as` value and it is preloaded intentionally. @ https://www.ysl.com/fr-fr:0
[ 1055485ms] [WARNING] The resource https://s.go-mpulse.net/boomerang/K9JYF-NA9GU-K758U-APJ5Q-E7LPJ was preloaded using link preload but not used within a few seconds from the window's load event. Please make sure it has an appropriate `as` value and it is preloaded intentionally. @ https://www.ysl.com/fr-fr:0
[ 1058970ms] [WARNING] The resource https://s.go-mpulse.net/boomerang/K9JYF-NA9GU-K758U-APJ5Q-E7LPJ was preloaded using link preload but not used within a few seconds from the window's load event. Please make sure it has an appropriate `as` value and it is preloaded intentionally. @ https://www.ysl.com/fr-fr:0
[ 1062480ms] [WARNING] The resource https://s.go-mpulse.net/boomerang/K9JYF-NA9GU-K758U-APJ5Q-E7LPJ was preloaded using link preload but not used within a few seconds from the window's load event. Please make sure it has an appropriate `as` value and it is preloaded intentionally. @ https://www.ysl.com/fr-fr:0
[ 1065984ms] [WARNING] The resource https://s.go-mpulse.net/boomerang/K9JYF-NA9GU-K758U-APJ5Q-E7LPJ was preloaded using link preload but not used within a few seconds from the window's load event. Please make sure it has an appropriate `as` value and it is preloaded intentionally. @ https://www.ysl.com/fr-fr:0
[ 1069504ms] [WARNING] The resource https://s.go-mpulse.net/boomerang/K9JYF-NA9GU-K758U-APJ5Q-E7LPJ was preloaded using link preload but not used within a few seconds from the window's load event. Please make sure it has an appropriate `as` value and it is preloaded intentionally. @ https://www.ysl.com/fr-fr:0
[ 1073022ms] [WARNING] The resource https://s.go-mpulse.net/boomerang/K9JYF-NA9GU-K758U-APJ5Q-E7LPJ was preloaded using link preload but not used within a few seconds from the window's load event. Please make sure it has an appropriate `as` value and it is preloaded intentionally. @ https://www.ysl.com/fr-fr:0
[ 1076516ms] [WARNING] The resource https://s.go-mpulse.net/boomerang/K9JYF-NA9GU-K758U-APJ5Q-E7LPJ was preloaded using link preload but not used within a few seconds from the window's load event. Please make sure it has an appropriate `as` value and it is preloaded intentionally. @ https://www.ysl.com/fr-fr:0
[ 1080032ms] [WARNING] The resource https://s.go-mpulse.net/boomerang/K9JYF-NA9GU-K758U-APJ5Q-E7LPJ was preloaded using link preload but not used within a few seconds from the window's load event. Please make sure it has an appropriate `as` value and it is preloaded intentionally. @ https://www.ysl.com/fr-fr:0
[ 1087070ms] [WARNING] The resource https://s.go-mpulse.net/boomerang/K9JYF-NA9GU-K758U-APJ5Q-E7LPJ was preloaded using link preload but not used within a few seconds from the window's load event. Please make sure it has an appropriate `as` value and it is preloaded intentionally. @ https://www.ysl.com/fr-fr:0
[ 1090564ms] [WARNING] The resource https://s.go-mpulse.net/boomerang/K9JYF-NA9GU-K758U-APJ5Q-E7LPJ was preloaded using link preload but not used within a few seconds from the window's load event. Please make sure it has an appropriate `as` value and it is preloaded intentionally. @ https://www.ysl.com/fr-fr:0
[ 1094094ms] [WARNING] The resource https://s.go-mpulse.net/boomerang/K9JYF-NA9GU-K758U-APJ5Q-E7LPJ was preloaded using link preload but not used within a few seconds from the window's load event. Please make sure it has an appropriate `as` value and it is preloaded intentionally. @ https://www.ysl.com/fr-fr:0
[ 1097581ms] [WARNING] The resource https://s.go-mpulse.net/boomerang/K9JYF-NA9GU-K758U-APJ5Q-E7LPJ was preloaded using link preload but not used within a few seconds from the window's load event. Please make sure it has an appropriate `as` value and it is preloaded intentionally. @ https://www.ysl.com/fr-fr:0
[ 1101092ms] [WARNING] The resource https://s.go-mpulse.net/boomerang/K9JYF-NA9GU-K758U-APJ5Q-E7LPJ was preloaded using link preload but not used within a few seconds from the window's load event. Please make sure it has an appropriate `as` value and it is preloaded intentionally. @ https://www.ysl.com/fr-fr:0
[ 1104601ms] [WARNING] The resource https://s.go-mpulse.net/boomerang/K9JYF-NA9GU-K758U-APJ5Q-E7LPJ was preloaded using link preload but not used within a few seconds from the window's load event. Please make sure it has an appropriate `as` value and it is preloaded intentionally. @ https://www.ysl.com/fr-fr:0
[ 1108110ms] [WARNING] The resource https://s.go-mpulse.net/boomerang/K9JYF-NA9GU-K758U-APJ5Q-E7LPJ was preloaded using link preload but not used within a few seconds from the window's load event. Please make sure it has an appropriate `as` value and it is preloaded intentionally. @ https://www.ysl.com/fr-fr:0
[ 1111657ms] [WARNING] The resource https://s.go-mpulse.net/boomerang/K9JYF-NA9GU-K758U-APJ5Q-E7LPJ was preloaded using link preload but not used within a few seconds from the window's load event. Please make sure it has an appropriate `as` value and it is preloaded intentionally. @ https://www.ysl.com/fr-fr:0
[ 1115144ms] [WARNING] The resource https://s.go-mpulse.net/boomerang/K9JYF-NA9GU-K758U-APJ5Q-E7LPJ was preloaded using link preload but not used within a few seconds from the window's load event. Please make sure it has an appropriate `as` value and it is preloaded intentionally. @ https://www.ysl.com/fr-fr:0
[ 1118636ms] [WARNING] The resource https://s.go-mpulse.net/boomerang/K9JYF-NA9GU-K758U-APJ5Q-E7LPJ was preloaded using link preload but not used within a few seconds from the window's load event. Please make sure it has an appropriate `as` value and it is preloaded intentionally. @ https://www.ysl.com/fr-fr:0
[ 1122147ms] [WARNING] The resource https://s.go-mpulse.net/boomerang/K9JYF-NA9GU-K758U-APJ5Q-E7LPJ was preloaded using link preload but not used within a few seconds from the window's load event. Please make sure it has an appropriate `as` value and it is preloaded intentionally. @ https://www.ysl.com/fr-fr:0
[ 1125664ms] [WARNING] The resource https://s.go-mpulse.net/boomerang/K9JYF-NA9GU-K758U-APJ5Q-E7LPJ was preloaded using link preload but not used within a few seconds from the window's load event. Please make sure it has an appropriate `as` value and it is preloaded intentionally. @ https://www.ysl.com/fr-fr:0
[ 1129159ms] [WARNING] The resource https://s.go-mpulse.net/boomerang/K9JYF-NA9GU-K758U-APJ5Q-E7LPJ was preloaded using link preload but not used within a few seconds from the window's load event. Please make sure it has an appropriate `as` value and it is preloaded intentionally. @ https://www.ysl.com/fr-fr:0
[ 1132694ms] [WARNING] The resource https://s.go-mpulse.net/boomerang/K9JYF-NA9GU-K758U-APJ5Q-E7LPJ was preloaded using link preload but not used within a few seconds from the window's load event. Please make sure it has an appropriate `as` value and it is preloaded intentionally. @ https://www.ysl.com/fr-fr:0
[ 1136174ms] [WARNING] The resource https://s.go-mpulse.net/boomerang/K9JYF-NA9GU-K758U-APJ5Q-E7LPJ was preloaded using link preload but not used within a few seconds from the window's load event. Please make sure it has an appropriate `as` value and it is preloaded intentionally. @ https://www.ysl.com/fr-fr:0
[ 1139703ms] [WARNING] The resource https://s.go-mpulse.net/boomerang/K9JYF-NA9GU-K758U-APJ5Q-E7LPJ was preloaded using link preload but not used within a few seconds from the window's load event. Please make sure it has an appropriate `as` value and it is preloaded intentionally. @ https://www.ysl.com/fr-fr:0
[ 1143200ms] [WARNING] The resource https://s.go-mpulse.net/boomerang/K9JYF-NA9GU-K758U-APJ5Q-E7LPJ was preloaded using link preload but not used within a few seconds from the window's load event. Please make sure it has an appropriate `as` value and it is preloaded intentionally. @ https://www.ysl.com/fr-fr:0
[ 1146712ms] [WARNING] The resource https://s.go-mpulse.net/boomerang/K9JYF-NA9GU-K758U-APJ5Q-E7LPJ was preloaded using link preload but not used within a few seconds from the window's load event. Please make sure it has an appropriate `as` value and it is preloaded intentionally. @ https://www.ysl.com/fr-fr:0
[ 1150219ms] [WARNING] The resource https://s.go-mpulse.net/boomerang/K9JYF-NA9GU-K758U-APJ5Q-E7LPJ was preloaded using link preload but not used within a few seconds from the window's load event. Please make sure it has an appropriate `as` value and it is preloaded intentionally. @ https://www.ysl.com/fr-fr:0
[ 1153717ms] [WARNING] The resource https://s.go-mpulse.net/boomerang/K9JYF-NA9GU-K758U-APJ5Q-E7LPJ was preloaded using link preload but not used within a few seconds from the window's load event. Please make sure it has an appropriate `as` value and it is preloaded intentionally. @ https://www.ysl.com/fr-fr:0
[ 1157211ms] [WARNING] The resource https://s.go-mpulse.net/boomerang/K9JYF-NA9GU-K758U-APJ5Q-E7LPJ was preloaded using link preload but not used within a few seconds from the window's load event. Please make sure it has an appropriate `as` value and it is preloaded intentionally. @ https://www.ysl.com/fr-fr:0
[ 1160719ms] [WARNING] The resource https://s.go-mpulse.net/boomerang/K9JYF-NA9GU-K758U-APJ5Q-E7LPJ was preloaded using link preload but not used within a few seconds from the window's load event. Please make sure it has an appropriate `as` value and it is preloaded intentionally. @ https://www.ysl.com/fr-fr:0
[ 1164231ms] [WARNING] The resource https://s.go-mpulse.net/boomerang/K9JYF-NA9GU-K758U-APJ5Q-E7LPJ was preloaded using link preload but not used within a few seconds from the window's load event. Please make sure it has an appropriate `as` value and it is preloaded intentionally. @ https://www.ysl.com/fr-fr:0
[ 1167749ms] [WARNING] The resource https://s.go-mpulse.net/boomerang/K9JYF-NA9GU-K758U-APJ5Q-E7LPJ was preloaded using link preload but not used within a few seconds from the window's load event. Please make sure it has an appropriate `as` value and it is preloaded intentionally. @ https://www.ysl.com/fr-fr:0
[ 1171312ms] [WARNING] The resource https://s.go-mpulse.net/boomerang/K9JYF-NA9GU-K758U-APJ5Q-E7LPJ was preloaded using link preload but not used within a few seconds from the window's load event. Please make sure it has an appropriate `as` value and it is preloaded intentionally. @ https://www.ysl.com/fr-fr:0
[ 1174774ms] [WARNING] The resource https://s.go-mpulse.net/boomerang/K9JYF-NA9GU-K758U-APJ5Q-E7LPJ was preloaded using link preload but not used within a few seconds from the window's load event. Please make sure it has an appropriate `as` value and it is preloaded intentionally. @ https://www.ysl.com/fr-fr:0
[ 1178287ms] [WARNING] The resource https://s.go-mpulse.net/boomerang/K9JYF-NA9GU-K758U-APJ5Q-E7LPJ was preloaded using link preload but not used within a few seconds from the window's load event. Please make sure it has an appropriate `as` value and it is preloaded intentionally. @ https://www.ysl.com/fr-fr:0
[ 1181788ms] [WARNING] The resource https://s.go-mpulse.net/boomerang/K9JYF-NA9GU-K758U-APJ5Q-E7LPJ was preloaded using link preload but not used within a few seconds from the window's load event. Please make sure it has an appropriate `as` value and it is preloaded intentionally. @ https://www.ysl.com/fr-fr:0
[ 1185296ms] [WARNING] The resource https://s.go-mpulse.net/boomerang/K9JYF-NA9GU-K758U-APJ5Q-E7LPJ was preloaded using link preload but not used within a few seconds from the window's load event. Please make sure it has an appropriate `as` value and it is preloaded intentionally. @ https://www.ysl.com/fr-fr:0
[ 1188801ms] [WARNING] The resource https://s.go-mpulse.net/boomerang/K9JYF-NA9GU-K758U-APJ5Q-E7LPJ was preloaded using link preload but not used within a few seconds from the window's load event. Please make sure it has an appropriate `as` value and it is preloaded intentionally. @ https://www.ysl.com/fr-fr:0
[ 1192305ms] [WARNING] The resource https://s.go-mpulse.net/boomerang/K9JYF-NA9GU-K758U-APJ5Q-E7LPJ was preloaded using link preload but not used within a few seconds from the window's load event. Please make sure it has an appropriate `as` value and it is preloaded intentionally. @ https://www.ysl.com/fr-fr:0
[ 1195797ms] [WARNING] The resource https://s.go-mpulse.net/boomerang/K9JYF-NA9GU-K758U-APJ5Q-E7LPJ was preloaded using link preload but not used within a few seconds from the window's load event. Please make sure it has an appropriate `as` value and it is preloaded intentionally. @ https://www.ysl.com/fr-fr:0
[ 1199301ms] [WARNING] The resource https://s.go-mpulse.net/boomerang/K9JYF-NA9GU-K758U-APJ5Q-E7LPJ was preloaded using link preload but not used within a few seconds from the window's load event. Please make sure it has an appropriate `as` value and it is preloaded intentionally. @ https://www.ysl.com/fr-fr:0
[ 1202813ms] [WARNING] The resource https://s.go-mpulse.net/boomerang/K9JYF-NA9GU-K758U-APJ5Q-E7LPJ was preloaded using link preload but not used within a few seconds from the window's load event. Please make sure it has an appropriate `as` value and it is preloaded intentionally. @ https://www.ysl.com/fr-fr:0
[ 1206393ms] [WARNING] The resource https://s.go-mpulse.net/boomerang/K9JYF-NA9GU-K758U-APJ5Q-E7LPJ was preloaded using link preload but not used within a few seconds from the window's load event. Please make sure it has an appropriate `as` value and it is preloaded intentionally. @ https://www.ysl.com/fr-fr:0
[ 1209836ms] [WARNING] The resource https://s.go-mpulse.net/boomerang/K9JYF-NA9GU-K758U-APJ5Q-E7LPJ was preloaded using link preload but not used within a few seconds from the window's load event. Please make sure it has an appropriate `as` value and it is preloaded intentionally. @ https://www.ysl.com/fr-fr:0
[ 1213349ms] [WARNING] The resource https://s.go-mpulse.net/boomerang/K9JYF-NA9GU-K758U-APJ5Q-E7LPJ was preloaded using link preload but not used within a few seconds from the window's load event. Please make sure it has an appropriate `as` value and it is preloaded intentionally. @ https://www.ysl.com/fr-fr:0
[ 1216861ms] [WARNING] The resource https://s.go-mpulse.net/boomerang/K9JYF-NA9GU-K758U-APJ5Q-E7LPJ was preloaded using link preload but not used within a few seconds from the window's load event. Please make sure it has an appropriate `as` value and it is preloaded intentionally. @ https://www.ysl.com/fr-fr:0
[ 1220371ms] [WARNING] The resource https://s.go-mpulse.net/boomerang/K9JYF-NA9GU-K758U-APJ5Q-E7LPJ was preloaded using link preload but not used within a few seconds from the window's load event. Please make sure it has an appropriate `as` value and it is preloaded intentionally. @ https://www.ysl.com/fr-fr:0
[ 1223878ms] [WARNING] The resource https://s.go-mpulse.net/boomerang/K9JYF-NA9GU-K758U-APJ5Q-E7LPJ was preloaded using link preload but not used within a few seconds from the window's load event. Please make sure it has an appropriate `as` value and it is preloaded intentionally. @ https://www.ysl.com/fr-fr:0
[ 1227396ms] [WARNING] The resource https://s.go-mpulse.net/boomerang/K9JYF-NA9GU-K758U-APJ5Q-E7LPJ was preloaded using link preload but not used within a few seconds from the window's load event. Please make sure it has an appropriate `as` value and it is preloaded intentionally. @ https://www.ysl.com/fr-fr:0
[ 1230924ms] [WARNING] The resource https://s.go-mpulse.net/boomerang/K9JYF-NA9GU-K758U-APJ5Q-E7LPJ was preloaded using link preload but not used within a few seconds from the window's load event. Please make sure it has an appropriate `as` value and it is preloaded intentionally. @ https://www.ysl.com/fr-fr:0
[ 1234414ms] [WARNING] The resource https://s.go-mpulse.net/boomerang/K9JYF-NA9GU-K758U-APJ5Q-E7LPJ was preloaded using link preload but not used within a few seconds from the window's load event. Please make sure it has an appropriate `as` value and it is preloaded intentionally. @ https://www.ysl.com/fr-fr:0
[ 1237923ms] [WARNING] The resource https://s.go-mpulse.net/boomerang/K9JYF-NA9GU-K758U-APJ5Q-E7LPJ was preloaded using link preload but not used within a few seconds from the window's load event. Please make sure it has an appropriate `as` value and it is preloaded intentionally. @ https://www.ysl.com/fr-fr:0
[ 1241440ms] [WARNING] The resource https://s.go-mpulse.net/boomerang/K9JYF-NA9GU-K758U-APJ5Q-E7LPJ was preloaded using link preload but not used within a few seconds from the window's load event. Please make sure it has an appropriate `as` value and it is preloaded intentionally. @ https://www.ysl.com/fr-fr:0
[ 1244939ms] [WARNING] The resource https://s.go-mpulse.net/boomerang/K9JYF-NA9GU-K758U-APJ5Q-E7LPJ was preloaded using link preload but not used within a few seconds from the window's load event. Please make sure it has an appropriate `as` value and it is preloaded intentionally. @ https://www.ysl.com/fr-fr:0
[ 1248437ms] [WARNING] The resource https://s.go-mpulse.net/boomerang/K9JYF-NA9GU-K758U-APJ5Q-E7LPJ was preloaded using link preload but not used within a few seconds from the window's load event. Please make sure it has an appropriate `as` value and it is preloaded intentionally. @ https://www.ysl.com/fr-fr:0
[ 1251959ms] [WARNING] The resource https://s.go-mpulse.net/boomerang/K9JYF-NA9GU-K758U-APJ5Q-E7LPJ was preloaded using link preload but not used within a few seconds from the window's load event. Please make sure it has an appropriate `as` value and it is preloaded intentionally. @ https://www.ysl.com/fr-fr:0
[ 1255486ms] [WARNING] The resource https://s.go-mpulse.net/boomerang/K9JYF-NA9GU-K758U-APJ5Q-E7LPJ was preloaded using link preload but not used within a few seconds from the window's load event. Please make sure it has an appropriate `as` value and it is preloaded intentionally. @ https://www.ysl.com/fr-fr:0
[ 1259000ms] [WARNING] The resource https://s.go-mpulse.net/boomerang/K9JYF-NA9GU-K758U-APJ5Q-E7LPJ was preloaded using link preload but not used within a few seconds from the window's load event. Please make sure it has an appropriate `as` value and it is preloaded intentionally. @ https://www.ysl.com/fr-fr:0
[ 1266017ms] [WARNING] The resource https://s.go-mpulse.net/boomerang/K9JYF-NA9GU-K758U-APJ5Q-E7LPJ was preloaded using link preload but not used within a few seconds from the window's load event. Please make sure it has an appropriate `as` value and it is preloaded intentionally. @ https://www.ysl.com/fr-fr:0
[ 1269508ms] [WARNING] The resource https://s.go-mpulse.net/boomerang/K9JYF-NA9GU-K758U-APJ5Q-E7LPJ was preloaded using link preload but not used within a few seconds from the window's load event. Please make sure it has an appropriate `as` value and it is preloaded intentionally. @ https://www.ysl.com/fr-fr:0
[ 1273009ms] [WARNING] The resource https://s.go-mpulse.net/boomerang/K9JYF-NA9GU-K758U-APJ5Q-E7LPJ was preloaded using link preload but not used within a few seconds from the window's load event. Please make sure it has an appropriate `as` value and it is preloaded intentionally. @ https://www.ysl.com/fr-fr:0
[ 1276552ms] [WARNING] The resource https://s.go-mpulse.net/boomerang/K9JYF-NA9GU-K758U-APJ5Q-E7LPJ was preloaded using link preload but not used within a few seconds from the window's load event. Please make sure it has an appropriate `as` value and it is preloaded intentionally. @ https://www.ysl.com/fr-fr:0
[ 1280056ms] [WARNING] The resource https://s.go-mpulse.net/boomerang/K9JYF-NA9GU-K758U-APJ5Q-E7LPJ was preloaded using link preload but not used within a few seconds from the window's load event. Please make sure it has an appropriate `as` value and it is preloaded intentionally. @ https://www.ysl.com/fr-fr:0
[ 1283557ms] [WARNING] The resource https://s.go-mpulse.net/boomerang/K9JYF-NA9GU-K758U-APJ5Q-E7LPJ was preloaded using link preload but not used within a few seconds from the window's load event. Please make sure it has an appropriate `as` value and it is preloaded intentionally. @ https://www.ysl.com/fr-fr:0
[ 1287064ms] [WARNING] The resource https://s.go-mpulse.net/boomerang/K9JYF-NA9GU-K758U-APJ5Q-E7LPJ was preloaded using link preload but not used within a few seconds from the window's load event. Please make sure it has an appropriate `as` value and it is preloaded intentionally. @ https://www.ysl.com/fr-fr:0
[ 1290583ms] [WARNING] The resource https://s.go-mpulse.net/boomerang/K9JYF-NA9GU-K758U-APJ5Q-E7LPJ was preloaded using link preload but not used within a few seconds from the window's load event. Please make sure it has an appropriate `as` value and it is preloaded intentionally. @ https://www.ysl.com/fr-fr:0
[ 1294116ms] [WARNING] The resource https://s.go-mpulse.net/boomerang/K9JYF-NA9GU-K758U-APJ5Q-E7LPJ was preloaded using link preload but not used within a few seconds from the window's load event. Please make sure it has an appropriate `as` value and it is preloaded intentionally. @ https://www.ysl.com/fr-fr:0
[ 1297619ms] [WARNING] The resource https://s.go-mpulse.net/boomerang/K9JYF-NA9GU-K758U-APJ5Q-E7LPJ was preloaded using link preload but not used within a few seconds from the window's load event. Please make sure it has an appropriate `as` value and it is preloaded intentionally. @ https://www.ysl.com/fr-fr:0
[ 1301107ms] [WARNING] The resource https://s.go-mpulse.net/boomerang/K9JYF-NA9GU-K758U-APJ5Q-E7LPJ was preloaded using link preload but not used within a few seconds from the window's load event. Please make sure it has an appropriate `as` value and it is preloaded intentionally. @ https://www.ysl.com/fr-fr:0
[ 1304622ms] [WARNING] The resource https://s.go-mpulse.net/boomerang/K9JYF-NA9GU-K758U-APJ5Q-E7LPJ was preloaded using link preload but not used within a few seconds from the window's load event. Please make sure it has an appropriate `as` value and it is preloaded intentionally. @ https://www.ysl.com/fr-fr:0
[ 1308125ms] [WARNING] The resource https://s.go-mpulse.net/boomerang/K9JYF-NA9GU-K758U-APJ5Q-E7LPJ was preloaded using link preload but not used within a few seconds from the window's load event. Please make sure it has an appropriate `as` value and it is preloaded intentionally. @ https://www.ysl.com/fr-fr:0
[ 1311660ms] [WARNING] The resource https://s.go-mpulse.net/boomerang/K9JYF-NA9GU-K758U-APJ5Q-E7LPJ was preloaded using link preload but not used within a few seconds from the window's load event. Please make sure it has an appropriate `as` value and it is preloaded intentionally. @ https://www.ysl.com/fr-fr:0
[ 1315148ms] [WARNING] The resource https://s.go-mpulse.net/boomerang/K9JYF-NA9GU-K758U-APJ5Q-E7LPJ was preloaded using link preload but not used within a few seconds from the window's load event. Please make sure it has an appropriate `as` value and it is preloaded intentionally. @ https://www.ysl.com/fr-fr:0
[ 1318655ms] [WARNING] The resource https://s.go-mpulse.net/boomerang/K9JYF-NA9GU-K758U-APJ5Q-E7LPJ was preloaded using link preload but not used within a few seconds from the window's load event. Please make sure it has an appropriate `as` value and it is preloaded intentionally. @ https://www.ysl.com/fr-fr:0
[ 1322194ms] [WARNING] The resource https://s.go-mpulse.net/boomerang/K9JYF-NA9GU-K758U-APJ5Q-E7LPJ was preloaded using link preload but not used within a few seconds from the window's load event. Please make sure it has an appropriate `as` value and it is preloaded intentionally. @ https://www.ysl.com/fr-fr:0
[ 1325681ms] [WARNING] The resource https://s.go-mpulse.net/boomerang/K9JYF-NA9GU-K758U-APJ5Q-E7LPJ was preloaded using link preload but not used within a few seconds from the window's load event. Please make sure it has an appropriate `as` value and it is preloaded intentionally. @ https://www.ysl.com/fr-fr:0
[ 1329202ms] [WARNING] The resource https://s.go-mpulse.net/boomerang/K9JYF-NA9GU-K758U-APJ5Q-E7LPJ was preloaded using link preload but not used within a few seconds from the window's load event. Please make sure it has an appropriate `as` value and it is preloaded intentionally. @ https://www.ysl.com/fr-fr:0
[ 1332706ms] [WARNING] The resource https://s.go-mpulse.net/boomerang/K9JYF-NA9GU-K758U-APJ5Q-E7LPJ was preloaded using link preload but not used within a few seconds from the window's load event. Please make sure it has an appropriate `as` value and it is preloaded intentionally. @ https://www.ysl.com/fr-fr:0
[ 1336214ms] [WARNING] The resource https://s.go-mpulse.net/boomerang/K9JYF-NA9GU-K758U-APJ5Q-E7LPJ was preloaded using link preload but not used within a few seconds from the window's load event. Please make sure it has an appropriate `as` value and it is preloaded intentionally. @ https://www.ysl.com/fr-fr:0
[ 1339726ms] [WARNING] The resource https://s.go-mpulse.net/boomerang/K9JYF-NA9GU-K758U-APJ5Q-E7LPJ was preloaded using link preload but not used within a few seconds from the window's load event. Please make sure it has an appropriate `as` value and it is preloaded intentionally. @ https://www.ysl.com/fr-fr:0
[ 1343244ms] [WARNING] The resource https://s.go-mpulse.net/boomerang/K9JYF-NA9GU-K758U-APJ5Q-E7LPJ was preloaded using link preload but not used within a few seconds from the window's load event. Please make sure it has an appropriate `as` value and it is preloaded intentionally. @ https://www.ysl.com/fr-fr:0
[ 1346758ms] [WARNING] The resource https://s.go-mpulse.net/boomerang/K9JYF-NA9GU-K758U-APJ5Q-E7LPJ was preloaded using link preload but not used within a few seconds from the window's load event. Please make sure it has an appropriate `as` value and it is preloaded intentionally. @ https://www.ysl.com/fr-fr:0
[ 1350281ms] [WARNING] The resource https://s.go-mpulse.net/boomerang/K9JYF-NA9GU-K758U-APJ5Q-E7LPJ was preloaded using link preload but not used within a few seconds from the window's load event. Please make sure it has an appropriate `as` value and it is preloaded intentionally. @ https://www.ysl.com/fr-fr:0
[ 1353771ms] [WARNING] The resource https://s.go-mpulse.net/boomerang/K9JYF-NA9GU-K758U-APJ5Q-E7LPJ was preloaded using link preload but not used within a few seconds from the window's load event. Please make sure it has an appropriate `as` value and it is preloaded intentionally. @ https://www.ysl.com/fr-fr:0
[ 1357298ms] [WARNING] The resource https://s.go-mpulse.net/boomerang/K9JYF-NA9GU-K758U-APJ5Q-E7LPJ was preloaded using link preload but not used within a few seconds from the window's load event. Please make sure it has an appropriate `as` value and it is preloaded intentionally. @ https://www.ysl.com/fr-fr:0
[ 1360786ms] [WARNING] The resource https://s.go-mpulse.net/boomerang/K9JYF-NA9GU-K758U-APJ5Q-E7LPJ was preloaded using link preload but not used within a few seconds from the window's load event. Please make sure it has an appropriate `as` value and it is preloaded intentionally. @ https://www.ysl.com/fr-fr:0
[ 1364323ms] [WARNING] The resource https://s.go-mpulse.net/boomerang/K9JYF-NA9GU-K758U-APJ5Q-E7LPJ was preloaded using link preload but not used within a few seconds from the window's load event. Please make sure it has an appropriate `as` value and it is preloaded intentionally. @ https://www.ysl.com/fr-fr:0
[ 1367807ms] [WARNING] The resource https://s.go-mpulse.net/boomerang/K9JYF-NA9GU-K758U-APJ5Q-E7LPJ was preloaded using link preload but not used within a few seconds from the window's load event. Please make sure it has an appropriate `as` value and it is preloaded intentionally. @ https://www.ysl.com/fr-fr:0
[ 1371320ms] [WARNING] The resource https://s.go-mpulse.net/boomerang/K9JYF-NA9GU-K758U-APJ5Q-E7LPJ was preloaded using link preload but not used within a few seconds from the window's load event. Please make sure it has an appropriate `as` value and it is preloaded intentionally. @ https://www.ysl.com/fr-fr:0
[ 1374840ms] [WARNING] The resource https://s.go-mpulse.net/boomerang/K9JYF-NA9GU-K758U-APJ5Q-E7LPJ was preloaded using link preload but not used within a few seconds from the window's load event. Please make sure it has an appropriate `as` value and it is preloaded intentionally. @ https://www.ysl.com/fr-fr:0
[ 1378371ms] [WARNING] The resource https://s.go-mpulse.net/boomerang/K9JYF-NA9GU-K758U-APJ5Q-E7LPJ was preloaded using link preload but not used within a few seconds from the window's load event. Please make sure it has an appropriate `as` value and it is preloaded intentionally. @ https://www.ysl.com/fr-fr:0
[ 1381883ms] [WARNING] The resource https://s.go-mpulse.net/boomerang/K9JYF-NA9GU-K758U-APJ5Q-E7LPJ was preloaded using link preload but not used within a few seconds from the window's load event. Please make sure it has an appropriate `as` value and it is preloaded intentionally. @ https://www.ysl.com/fr-fr:0
[ 1385373ms] [WARNING] The resource https://s.go-mpulse.net/boomerang/K9JYF-NA9GU-K758U-APJ5Q-E7LPJ was preloaded using link preload but not used within a few seconds from the window's load event. Please make sure it has an appropriate `as` value and it is preloaded intentionally. @ https://www.ysl.com/fr-fr:0
[ 1388910ms] [WARNING] The resource https://s.go-mpulse.net/boomerang/K9JYF-NA9GU-K758U-APJ5Q-E7LPJ was preloaded using link preload but not used within a few seconds from the window's load event. Please make sure it has an appropriate `as` value and it is preloaded intentionally. @ https://www.ysl.com/fr-fr:0
[ 1392383ms] [WARNING] The resource https://s.go-mpulse.net/boomerang/K9JYF-NA9GU-K758U-APJ5Q-E7LPJ was preloaded using link preload but not used within a few seconds from the window's load event. Please make sure it has an appropriate `as` value and it is preloaded intentionally. @ https://www.ysl.com/fr-fr:0
[ 1395896ms] [WARNING] The resource https://s.go-mpulse.net/boomerang/K9JYF-NA9GU-K758U-APJ5Q-E7LPJ was preloaded using link preload but not used within a few seconds from the window's load event. Please make sure it has an appropriate `as` value and it is preloaded intentionally. @ https://www.ysl.com/fr-fr:0
[ 1399416ms] [WARNING] The resource https://s.go-mpulse.net/boomerang/K9JYF-NA9GU-K758U-APJ5Q-E7LPJ was preloaded using link preload but not used within a few seconds from the window's load event. Please make sure it has an appropriate `as` value and it is preloaded intentionally. @ https://www.ysl.com/fr-fr:0
[ 1402928ms] [WARNING] The resource https://s.go-mpulse.net/boomerang/K9JYF-NA9GU-K758U-APJ5Q-E7LPJ was preloaded using link preload but not used within a few seconds from the window's load event. Please make sure it has an appropriate `as` value and it is preloaded intentionally. @ https://www.ysl.com/fr-fr:0
[ 1406438ms] [WARNING] The resource https://s.go-mpulse.net/boomerang/K9JYF-NA9GU-K758U-APJ5Q-E7LPJ was preloaded using link preload but not used within a few seconds from the window's load event. Please make sure it has an appropriate `as` value and it is preloaded intentionally. @ https://www.ysl.com/fr-fr:0
[ 1409949ms] [WARNING] The resource https://s.go-mpulse.net/boomerang/K9JYF-NA9GU-K758U-APJ5Q-E7LPJ was preloaded using link preload but not used within a few seconds from the window's load event. Please make sure it has an appropriate `as` value and it is preloaded intentionally. @ https://www.ysl.com/fr-fr:0
[ 1413475ms] [WARNING] The resource https://s.go-mpulse.net/boomerang/K9JYF-NA9GU-K758U-APJ5Q-E7LPJ was preloaded using link preload but not used within a few seconds from the window's load event. Please make sure it has an appropriate `as` value and it is preloaded intentionally. @ https://www.ysl.com/fr-fr:0
[ 1416967ms] [WARNING] The resource https://s.go-mpulse.net/boomerang/K9JYF-NA9GU-K758U-APJ5Q-E7LPJ was preloaded using link preload but not used within a few seconds from the window's load event. Please make sure it has an appropriate `as` value and it is preloaded intentionally. @ https://www.ysl.com/fr-fr:0
[ 1420489ms] [WARNING] The resource https://s.go-mpulse.net/boomerang/K9JYF-NA9GU-K758U-APJ5Q-E7LPJ was preloaded using link preload but not used within a few seconds from the window's load event. Please make sure it has an appropriate `as` value and it is preloaded intentionally. @ https://www.ysl.com/fr-fr:0
[ 1423979ms] [WARNING] The resource https://s.go-mpulse.net/boomerang/K9JYF-NA9GU-K758U-APJ5Q-E7LPJ was preloaded using link preload but not used within a few seconds from the window's load event. Please make sure it has an appropriate `as` value and it is preloaded intentionally. @ https://www.ysl.com/fr-fr:0
[ 1427493ms] [WARNING] The resource https://s.go-mpulse.net/boomerang/K9JYF-NA9GU-K758U-APJ5Q-E7LPJ was preloaded using link preload but not used within a few seconds from the window's load event. Please make sure it has an appropriate `as` value and it is preloaded intentionally. @ https://www.ysl.com/fr-fr:0
[ 1431013ms] [WARNING] The resource https://s.go-mpulse.net/boomerang/K9JYF-NA9GU-K758U-APJ5Q-E7LPJ was preloaded using link preload but not used within a few seconds from the window's load event. Please make sure it has an appropriate `as` value and it is preloaded intentionally. @ https://www.ysl.com/fr-fr:0
[ 1434540ms] [WARNING] The resource https://s.go-mpulse.net/boomerang/K9JYF-NA9GU-K758U-APJ5Q-E7LPJ was preloaded using link preload but not used within a few seconds from the window's load event. Please make sure it has an appropriate `as` value and it is preloaded intentionally. @ https://www.ysl.com/fr-fr:0
[ 1438028ms] [WARNING] The resource https://s.go-mpulse.net/boomerang/K9JYF-NA9GU-K758U-APJ5Q-E7LPJ was preloaded using link preload but not used within a few seconds from the window's load event. Please make sure it has an appropriate `as` value and it is preloaded intentionally. @ https://www.ysl.com/fr-fr:0
[ 1445072ms] [WARNING] The resource https://s.go-mpulse.net/boomerang/K9JYF-NA9GU-K758U-APJ5Q-E7LPJ was preloaded using link preload but not used within a few seconds from the window's load event. Please make sure it has an appropriate `as` value and it is preloaded intentionally. @ https://www.ysl.com/fr-fr:0
[ 1448587ms] [WARNING] The resource https://s.go-mpulse.net/boomerang/K9JYF-NA9GU-K758U-APJ5Q-E7LPJ was preloaded using link preload but not used within a few seconds from the window's load event. Please make sure it has an appropriate `as` value and it is preloaded intentionally. @ https://www.ysl.com/fr-fr:0
[ 1452122ms] [WARNING] The resource https://s.go-mpulse.net/boomerang/K9JYF-NA9GU-K758U-APJ5Q-E7LPJ was preloaded using link preload but not used within a few seconds from the window's load event. Please make sure it has an appropriate `as` value and it is preloaded intentionally. @ https://www.ysl.com/fr-fr:0
[ 1455606ms] [WARNING] The resource https://s.go-mpulse.net/boomerang/K9JYF-NA9GU-K758U-APJ5Q-E7LPJ was preloaded using link preload but not used within a few seconds from the window's load event. Please make sure it has an appropriate `as` value and it is preloaded intentionally. @ https://www.ysl.com/fr-fr:0
[ 1459118ms] [WARNING] The resource https://s.go-mpulse.net/boomerang/K9JYF-NA9GU-K758U-APJ5Q-E7LPJ was preloaded using link preload but not used within a few seconds from the window's load event. Please make sure it has an appropriate `as` value and it is preloaded intentionally. @ https://www.ysl.com/fr-fr:0
[ 1462643ms] [WARNING] The resource https://s.go-mpulse.net/boomerang/K9JYF-NA9GU-K758U-APJ5Q-E7LPJ was preloaded using link preload but not used within a few seconds from the window's load event. Please make sure it has an appropriate `as` value and it is preloaded intentionally. @ https://www.ysl.com/fr-fr:0
[ 1466119ms] [WARNING] The resource https://s.go-mpulse.net/boomerang/K9JYF-NA9GU-K758U-APJ5Q-E7LPJ was preloaded using link preload but not used within a few seconds from the window's load event. Please make sure it has an appropriate `as` value and it is preloaded intentionally. @ https://www.ysl.com/fr-fr:0
[ 1469623ms] [WARNING] The resource https://s.go-mpulse.net/boomerang/K9JYF-NA9GU-K758U-APJ5Q-E7LPJ was preloaded using link preload but not used within a few seconds from the window's load event. Please make sure it has an appropriate `as` value and it is preloaded intentionally. @ https://www.ysl.com/fr-fr:0
[ 1473136ms] [WARNING] The resource https://s.go-mpulse.net/boomerang/K9JYF-NA9GU-K758U-APJ5Q-E7LPJ was preloaded using link preload but not used within a few seconds from the window's load event. Please make sure it has an appropriate `as` value and it is preloaded intentionally. @ https://www.ysl.com/fr-fr:0
[ 1476647ms] [WARNING] The resource https://s.go-mpulse.net/boomerang/K9JYF-NA9GU-K758U-APJ5Q-E7LPJ was preloaded using link preload but not used within a few seconds from the window's load event. Please make sure it has an appropriate `as` value and it is preloaded intentionally. @ https://www.ysl.com/fr-fr:0
[ 1480153ms] [WARNING] The resource https://s.go-mpulse.net/boomerang/K9JYF-NA9GU-K758U-APJ5Q-E7LPJ was preloaded using link preload but not used within a few seconds from the window's load event. Please make sure it has an appropriate `as` value and it is preloaded intentionally. @ https://www.ysl.com/fr-fr:0
[ 1483680ms] [WARNING] The resource https://s.go-mpulse.net/boomerang/K9JYF-NA9GU-K758U-APJ5Q-E7LPJ was preloaded using link preload but not used within a few seconds from the window's load event. Please make sure it has an appropriate `as` value and it is preloaded intentionally. @ https://www.ysl.com/fr-fr:0
[ 1487211ms] [WARNING] The resource https://s.go-mpulse.net/boomerang/K9JYF-NA9GU-K758U-APJ5Q-E7LPJ was preloaded using link preload but not used within a few seconds from the window's load event. Please make sure it has an appropriate `as` value and it is preloaded intentionally. @ https://www.ysl.com/fr-fr:0
[ 1490711ms] [WARNING] The resource https://s.go-mpulse.net/boomerang/K9JYF-NA9GU-K758U-APJ5Q-E7LPJ was preloaded using link preload but not used within a few seconds from the window's load event. Please make sure it has an appropriate `as` value and it is preloaded intentionally. @ https://www.ysl.com/fr-fr:0
[ 1494226ms] [WARNING] The resource https://s.go-mpulse.net/boomerang/K9JYF-NA9GU-K758U-APJ5Q-E7LPJ was preloaded using link preload but not used within a few seconds from the window's load event. Please make sure it has an appropriate `as` value and it is preloaded intentionally. @ https://www.ysl.com/fr-fr:0
[ 1497712ms] [WARNING] The resource https://s.go-mpulse.net/boomerang/K9JYF-NA9GU-K758U-APJ5Q-E7LPJ was preloaded using link preload but not used within a few seconds from the window's load event. Please make sure it has an appropriate `as` value and it is preloaded intentionally. @ https://www.ysl.com/fr-fr:0
[ 1501227ms] [WARNING] The resource https://s.go-mpulse.net/boomerang/K9JYF-NA9GU-K758U-APJ5Q-E7LPJ was preloaded using link preload but not used within a few seconds from the window's load event. Please make sure it has an appropriate `as` value and it is preloaded intentionally. @ https://www.ysl.com/fr-fr:0
[ 1504756ms] [WARNING] The resource https://s.go-mpulse.net/boomerang/K9JYF-NA9GU-K758U-APJ5Q-E7LPJ was preloaded using link preload but not used within a few seconds from the window's load event. Please make sure it has an appropriate `as` value and it is preloaded intentionally. @ https://www.ysl.com/fr-fr:0
[ 1508253ms] [WARNING] The resource https://s.go-mpulse.net/boomerang/K9JYF-NA9GU-K758U-APJ5Q-E7LPJ was preloaded using link preload but not used within a few seconds from the window's load event. Please make sure it has an appropriate `as` value and it is preloaded intentionally. @ https://www.ysl.com/fr-fr:0
[ 1511758ms] [WARNING] The resource https://s.go-mpulse.net/boomerang/K9JYF-NA9GU-K758U-APJ5Q-E7LPJ was preloaded using link preload but not used within a few seconds from the window's load event. Please make sure it has an appropriate `as` value and it is preloaded intentionally. @ https://www.ysl.com/fr-fr:0
[ 1515285ms] [WARNING] The resource https://s.go-mpulse.net/boomerang/K9JYF-NA9GU-K758U-APJ5Q-E7LPJ was preloaded using link preload but not used within a few seconds from the window's load event. Please make sure it has an appropriate `as` value and it is preloaded intentionally. @ https://www.ysl.com/fr-fr:0
[ 1518794ms] [WARNING] The resource https://s.go-mpulse.net/boomerang/K9JYF-NA9GU-K758U-APJ5Q-E7LPJ was preloaded using link preload but not used within a few seconds from the window's load event. Please make sure it has an appropriate `as` value and it is preloaded intentionally. @ https://www.ysl.com/fr-fr:0
[ 1522296ms] [WARNING] The resource https://s.go-mpulse.net/boomerang/K9JYF-NA9GU-K758U-APJ5Q-E7LPJ was preloaded using link preload but not used within a few seconds from the window's load event. Please make sure it has an appropriate `as` value and it is preloaded intentionally. @ https://www.ysl.com/fr-fr:0
[ 1525816ms] [WARNING] The resource https://s.go-mpulse.net/boomerang/K9JYF-NA9GU-K758U-APJ5Q-E7LPJ was preloaded using link preload but not used within a few seconds from the window's load event. Please make sure it has an appropriate `as` value and it is preloaded intentionally. @ https://www.ysl.com/fr-fr:0
[ 1529306ms] [WARNING] The resource https://s.go-mpulse.net/boomerang/K9JYF-NA9GU-K758U-APJ5Q-E7LPJ was preloaded using link preload but not used within a few seconds from the window's load event. Please make sure it has an appropriate `as` value and it is preloaded intentionally. @ https://www.ysl.com/fr-fr:0
[ 1532827ms] [WARNING] The resource https://s.go-mpulse.net/boomerang/K9JYF-NA9GU-K758U-APJ5Q-E7LPJ was preloaded using link preload but not used within a few seconds from the window's load event. Please make sure it has an appropriate `as` value and it is preloaded intentionally. @ https://www.ysl.com/fr-fr:0
[ 1536341ms] [WARNING] The resource https://s.go-mpulse.net/boomerang/K9JYF-NA9GU-K758U-APJ5Q-E7LPJ was preloaded using link preload but not used within a few seconds from the window's load event. Please make sure it has an appropriate `as` value and it is preloaded intentionally. @ https://www.ysl.com/fr-fr:0
[ 1539845ms] [WARNING] The resource https://s.go-mpulse.net/boomerang/K9JYF-NA9GU-K758U-APJ5Q-E7LPJ was preloaded using link preload but not used within a few seconds from the window's load event. Please make sure it has an appropriate `as` value and it is preloaded intentionally. @ https://www.ysl.com/fr-fr:0
[ 1543352ms] [WARNING] The resource https://s.go-mpulse.net/boomerang/K9JYF-NA9GU-K758U-APJ5Q-E7LPJ was preloaded using link preload but not used within a few seconds from the window's load event. Please make sure it has an appropriate `as` value and it is preloaded intentionally. @ https://www.ysl.com/fr-fr:0
[ 1546863ms] [WARNING] The resource https://s.go-mpulse.net/boomerang/K9JYF-NA9GU-K758U-APJ5Q-E7LPJ was preloaded using link preload but not used within a few seconds from the window's load event. Please make sure it has an appropriate `as` value and it is preloaded intentionally. @ https://www.ysl.com/fr-fr:0
[ 1550386ms] [WARNING] The resource https://s.go-mpulse.net/boomerang/K9JYF-NA9GU-K758U-APJ5Q-E7LPJ was preloaded using link preload but not used within a few seconds from the window's load event. Please make sure it has an appropriate `as` value and it is preloaded intentionally. @ https://www.ysl.com/fr-fr:0
[ 1553887ms] [WARNING] The resource https://s.go-mpulse.net/boomerang/K9JYF-NA9GU-K758U-APJ5Q-E7LPJ was preloaded using link preload but not used within a few seconds from the window's load event. Please make sure it has an appropriate `as` value and it is preloaded intentionally. @ https://www.ysl.com/fr-fr:0
[ 1557392ms] [WARNING] The resource https://s.go-mpulse.net/boomerang/K9JYF-NA9GU-K758U-APJ5Q-E7LPJ was preloaded using link preload but not used within a few seconds from the window's load event. Please make sure it has an appropriate `as` value and it is preloaded intentionally. @ https://www.ysl.com/fr-fr:0
[ 1560902ms] [WARNING] The resource https://s.go-mpulse.net/boomerang/K9JYF-NA9GU-K758U-APJ5Q-E7LPJ was preloaded using link preload but not used within a few seconds from the window's load event. Please make sure it has an appropriate `as` value and it is preloaded intentionally. @ https://www.ysl.com/fr-fr:0
[ 1564407ms] [WARNING] The resource https://s.go-mpulse.net/boomerang/K9JYF-NA9GU-K758U-APJ5Q-E7LPJ was preloaded using link preload but not used within a few seconds from the window's load event. Please make sure it has an appropriate `as` value and it is preloaded intentionally. @ https://www.ysl.com/fr-fr:0
[ 1567918ms] [WARNING] The resource https://s.go-mpulse.net/boomerang/K9JYF-NA9GU-K758U-APJ5Q-E7LPJ was preloaded using link preload but not used within a few seconds from the window's load event. Please make sure it has an appropriate `as` value and it is preloaded intentionally. @ https://www.ysl.com/fr-fr:0
[ 1571448ms] [WARNING] The resource https://s.go-mpulse.net/boomerang/K9JYF-NA9GU-K758U-APJ5Q-E7LPJ was preloaded using link preload but not used within a few seconds from the window's load event. Please make sure it has an appropriate `as` value and it is preloaded intentionally. @ https://www.ysl.com/fr-fr:0
[ 1574980ms] [WARNING] The resource https://s.go-mpulse.net/boomerang/K9JYF-NA9GU-K758U-APJ5Q-E7LPJ was preloaded using link preload but not used within a few seconds from the window's load event. Please make sure it has an appropriate `as` value and it is preloaded intentionally. @ https://www.ysl.com/fr-fr:0
[ 1578464ms] [WARNING] The resource https://s.go-mpulse.net/boomerang/K9JYF-NA9GU-K758U-APJ5Q-E7LPJ was preloaded using link preload but not used within a few seconds from the window's load event. Please make sure it has an appropriate `as` value and it is preloaded intentionally. @ https://www.ysl.com/fr-fr:0
[ 1581988ms] [WARNING] The resource https://s.go-mpulse.net/boomerang/K9JYF-NA9GU-K758U-APJ5Q-E7LPJ was preloaded using link preload but not used within a few seconds from the window's load event. Please make sure it has an appropriate `as` value and it is preloaded intentionally. @ https://www.ysl.com/fr-fr:0
[ 1585492ms] [WARNING] The resource https://s.go-mpulse.net/boomerang/K9JYF-NA9GU-K758U-APJ5Q-E7LPJ was preloaded using link preload but not used within a few seconds from the window's load event. Please make sure it has an appropriate `as` value and it is preloaded intentionally. @ https://www.ysl.com/fr-fr:0
[ 1589013ms] [WARNING] The resource https://s.go-mpulse.net/boomerang/K9JYF-NA9GU-K758U-APJ5Q-E7LPJ was preloaded using link preload but not used within a few seconds from the window's load event. Please make sure it has an appropriate `as` value and it is preloaded intentionally. @ https://www.ysl.com/fr-fr:0
[ 1592524ms] [WARNING] The resource https://s.go-mpulse.net/boomerang/K9JYF-NA9GU-K758U-APJ5Q-E7LPJ was preloaded using link preload but not used within a few seconds from the window's load event. Please make sure it has an appropriate `as` value and it is preloaded intentionally. @ https://www.ysl.com/fr-fr:0
[ 1596033ms] [WARNING] The resource https://s.go-mpulse.net/boomerang/K9JYF-NA9GU-K758U-APJ5Q-E7LPJ was preloaded using link preload but not used within a few seconds from the window's load event. Please make sure it has an appropriate `as` value and it is preloaded intentionally. @ https://www.ysl.com/fr-fr:0
[ 1599541ms] [WARNING] The resource https://s.go-mpulse.net/boomerang/K9JYF-NA9GU-K758U-APJ5Q-E7LPJ was preloaded using link preload but not used within a few seconds from the window's load event. Please make sure it has an appropriate `as` value and it is preloaded intentionally. @ https://www.ysl.com/fr-fr:0
[ 1603048ms] [WARNING] The resource https://s.go-mpulse.net/boomerang/K9JYF-NA9GU-K758U-APJ5Q-E7LPJ was preloaded using link preload but not used within a few seconds from the window's load event. Please make sure it has an appropriate `as` value and it is preloaded intentionally. @ https://www.ysl.com/fr-fr:0
[ 1606559ms] [WARNING] The resource https://s.go-mpulse.net/boomerang/K9JYF-NA9GU-K758U-APJ5Q-E7LPJ was preloaded using link preload but not used within a few seconds from the window's load event. Please make sure it has an appropriate `as` value and it is preloaded intentionally. @ https://www.ysl.com/fr-fr:0
[ 1610081ms] [WARNING] The resource https://s.go-mpulse.net/boomerang/K9JYF-NA9GU-K758U-APJ5Q-E7LPJ was preloaded using link preload but not used within a few seconds from the window's load event. Please make sure it has an appropriate `as` value and it is preloaded intentionally. @ https://www.ysl.com/fr-fr:0
[ 1613594ms] [WARNING] The resource https://s.go-mpulse.net/boomerang/K9JYF-NA9GU-K758U-APJ5Q-E7LPJ was preloaded using link preload but not used within a few seconds from the window's load event. Please make sure it has an appropriate `as` value and it is preloaded intentionally. @ https://www.ysl.com/fr-fr:0
[ 1617097ms] [WARNING] The resource https://s.go-mpulse.net/boomerang/K9JYF-NA9GU-K758U-APJ5Q-E7LPJ was preloaded using link preload but not used within a few seconds from the window's load event. Please make sure it has an appropriate `as` value and it is preloaded intentionally. @ https://www.ysl.com/fr-fr:0
[ 1620621ms] [WARNING] The resource https://s.go-mpulse.net/boomerang/K9JYF-NA9GU-K758U-APJ5Q-E7LPJ was preloaded using link preload but not used within a few seconds from the window's load event. Please make sure it has an appropriate `as` value and it is preloaded intentionally. @ https://www.ysl.com/fr-fr:0
[ 1624248ms] [WARNING] The resource https://s.go-mpulse.net/boomerang/K9JYF-NA9GU-K758U-APJ5Q-E7LPJ was preloaded using link preload but not used within a few seconds from the window's load event. Please make sure it has an appropriate `as` value and it is preloaded intentionally. @ https://www.ysl.com/fr-fr:0
[ 1627658ms] [WARNING] The resource https://s.go-mpulse.net/boomerang/K9JYF-NA9GU-K758U-APJ5Q-E7LPJ was preloaded using link preload but not used within a few seconds from the window's load event. Please make sure it has an appropriate `as` value and it is preloaded intentionally. @ https://www.ysl.com/fr-fr:0
[ 1631149ms] [WARNING] The resource https://s.go-mpulse.net/boomerang/K9JYF-NA9GU-K758U-APJ5Q-E7LPJ was preloaded using link preload but not used within a few seconds from the window's load event. Please make sure it has an appropriate `as` value and it is preloaded intentionally. @ https://www.ysl.com/fr-fr:0
[ 1634659ms] [WARNING] The resource https://s.go-mpulse.net/boomerang/K9JYF-NA9GU-K758U-APJ5Q-E7LPJ was preloaded using link preload but not used within a few seconds from the window's load event. Please make sure it has an appropriate `as` value and it is preloaded intentionally. @ https://www.ysl.com/fr-fr:0
[ 1638188ms] [WARNING] The resource https://s.go-mpulse.net/boomerang/K9JYF-NA9GU-K758U-APJ5Q-E7LPJ was preloaded using link preload but not used within a few seconds from the window's load event. Please make sure it has an appropriate `as` value and it is preloaded intentionally. @ https://www.ysl.com/fr-fr:0
[ 1641684ms] [WARNING] The resource https://s.go-mpulse.net/boomerang/K9JYF-NA9GU-K758U-APJ5Q-E7LPJ was preloaded using link preload but not used within a few seconds from the window's load event. Please make sure it has an appropriate `as` value and it is preloaded intentionally. @ https://www.ysl.com/fr-fr:0
[ 1645215ms] [WARNING] The resource https://s.go-mpulse.net/boomerang/K9JYF-NA9GU-K758U-APJ5Q-E7LPJ was preloaded using link preload but not used within a few seconds from the window's load event. Please make sure it has an appropriate `as` value and it is preloaded intentionally. @ https://www.ysl.com/fr-fr:0
[ 1648715ms] [WARNING] The resource https://s.go-mpulse.net/boomerang/K9JYF-NA9GU-K758U-APJ5Q-E7LPJ was preloaded using link preload but not used within a few seconds from the window's load event. Please make sure it has an appropriate `as` value and it is preloaded intentionally. @ https://www.ysl.com/fr-fr:0
[ 1652231ms] [WARNING] The resource https://s.go-mpulse.net/boomerang/K9JYF-NA9GU-K758U-APJ5Q-E7LPJ was preloaded using link preload but not used within a few seconds from the window's load event. Please make sure it has an appropriate `as` value and it is preloaded intentionally. @ https://www.ysl.com/fr-fr:0
[ 1655747ms] [WARNING] The resource https://s.go-mpulse.net/boomerang/K9JYF-NA9GU-K758U-APJ5Q-E7LPJ was preloaded using link preload but not used within a few seconds from the window's load event. Please make sure it has an appropriate `as` value and it is preloaded intentionally. @ https://www.ysl.com/fr-fr:0
[ 1659286ms] [WARNING] The resource https://s.go-mpulse.net/boomerang/K9JYF-NA9GU-K758U-APJ5Q-E7LPJ was preloaded using link preload but not used within a few seconds from the window's load event. Please make sure it has an appropriate `as` value and it is preloaded intentionally. @ https://www.ysl.com/fr-fr:0
[ 1662779ms] [WARNING] The resource https://s.go-mpulse.net/boomerang/K9JYF-NA9GU-K758U-APJ5Q-E7LPJ was preloaded using link preload but not used within a few seconds from the window's load event. Please make sure it has an appropriate `as` value and it is preloaded intentionally. @ https://www.ysl.com/fr-fr:0
[ 1666314ms] [WARNING] The resource https://s.go-mpulse.net/boomerang/K9JYF-NA9GU-K758U-APJ5Q-E7LPJ was preloaded using link preload but not used within a few seconds from the window's load event. Please make sure it has an appropriate `as` value and it is preloaded intentionally. @ https://www.ysl.com/fr-fr:0
[ 1669793ms] [WARNING] The resource https://s.go-mpulse.net/boomerang/K9JYF-NA9GU-K758U-APJ5Q-E7LPJ was preloaded using link preload but not used within a few seconds from the window's load event. Please make sure it has an appropriate `as` value and it is preloaded intentionally. @ https://www.ysl.com/fr-fr:0
[ 1673298ms] [WARNING] The resource https://s.go-mpulse.net/boomerang/K9JYF-NA9GU-K758U-APJ5Q-E7LPJ was preloaded using link preload but not used within a few seconds from the window's load event. Please make sure it has an appropriate `as` value and it is preloaded intentionally. @ https://www.ysl.com/fr-fr:0
[ 1676837ms] [WARNING] The resource https://s.go-mpulse.net/boomerang/K9JYF-NA9GU-K758U-APJ5Q-E7LPJ was preloaded using link preload but not used within a few seconds from the window's load event. Please make sure it has an appropriate `as` value and it is preloaded intentionally. @ https://www.ysl.com/fr-fr:0
[ 1680336ms] [WARNING] The resource https://s.go-mpulse.net/boomerang/K9JYF-NA9GU-K758U-APJ5Q-E7LPJ was preloaded using link preload but not used within a few seconds from the window's load event. Please make sure it has an appropriate `as` value and it is preloaded intentionally. @ https://www.ysl.com/fr-fr:0
[ 1683854ms] [WARNING] The resource https://s.go-mpulse.net/boomerang/K9JYF-NA9GU-K758U-APJ5Q-E7LPJ was preloaded using link preload but not used within a few seconds from the window's load event. Please make sure it has an appropriate `as` value and it is preloaded intentionally. @ https://www.ysl.com/fr-fr:0
[ 1687366ms] [WARNING] The resource https://s.go-mpulse.net/boomerang/K9JYF-NA9GU-K758U-APJ5Q-E7LPJ was preloaded using link preload but not used within a few seconds from the window's load event. Please make sure it has an appropriate `as` value and it is preloaded intentionally. @ https://www.ysl.com/fr-fr:0
[ 1690852ms] [WARNING] The resource https://s.go-mpulse.net/boomerang/K9JYF-NA9GU-K758U-APJ5Q-E7LPJ was preloaded using link preload but not used within a few seconds from the window's load event. Please make sure it has an appropriate `as` value and it is preloaded intentionally. @ https://www.ysl.com/fr-fr:0
[ 1694356ms] [WARNING] The resource https://s.go-mpulse.net/boomerang/K9JYF-NA9GU-K758U-APJ5Q-E7LPJ was preloaded using link preload but not used within a few seconds from the window's load event. Please make sure it has an appropriate `as` value and it is preloaded intentionally. @ https://www.ysl.com/fr-fr:0
[ 1697927ms] [WARNING] The resource https://s.go-mpulse.net/boomerang/K9JYF-NA9GU-K758U-APJ5Q-E7LPJ was preloaded using link preload but not used within a few seconds from the window's load event. Please make sure it has an appropriate `as` value and it is preloaded intentionally. @ https://www.ysl.com/fr-fr:0
[ 1701410ms] [WARNING] The resource https://s.go-mpulse.net/boomerang/K9JYF-NA9GU-K758U-APJ5Q-E7LPJ was preloaded using link preload but not used within a few seconds from the window's load event. Please make sure it has an appropriate `as` value and it is preloaded intentionally. @ https://www.ysl.com/fr-fr:0
[ 1704921ms] [WARNING] The resource https://s.go-mpulse.net/boomerang/K9JYF-NA9GU-K758U-APJ5Q-E7LPJ was preloaded using link preload but not used within a few seconds from the window's load event. Please make sure it has an appropriate `as` value and it is preloaded intentionally. @ https://www.ysl.com/fr-fr:0
[ 1708427ms] [WARNING] The resource https://s.go-mpulse.net/boomerang/K9JYF-NA9GU-K758U-APJ5Q-E7LPJ was preloaded using link preload but not used within a few seconds from the window's load event. Please make sure it has an appropriate `as` value and it is preloaded intentionally. @ https://www.ysl.com/fr-fr:0
[ 1711921ms] [WARNING] The resource https://s.go-mpulse.net/boomerang/K9JYF-NA9GU-K758U-APJ5Q-E7LPJ was preloaded using link preload but not used within a few seconds from the window's load event. Please make sure it has an appropriate `as` value and it is preloaded intentionally. @ https://www.ysl.com/fr-fr:0
[ 1715428ms] [WARNING] The resource https://s.go-mpulse.net/boomerang/K9JYF-NA9GU-K758U-APJ5Q-E7LPJ was preloaded using link preload but not used within a few seconds from the window's load event. Please make sure it has an appropriate `as` value and it is preloaded intentionally. @ https://www.ysl.com/fr-fr:0
[ 1718941ms] [WARNING] The resource https://s.go-mpulse.net/boomerang/K9JYF-NA9GU-K758U-APJ5Q-E7LPJ was preloaded using link preload but not used within a few seconds from the window's load event. Please make sure it has an appropriate `as` value and it is preloaded intentionally. @ https://www.ysl.com/fr-fr:0
[ 1722443ms] [WARNING] The resource https://s.go-mpulse.net/boomerang/K9JYF-NA9GU-K758U-APJ5Q-E7LPJ was preloaded using link preload but not used within a few seconds from the window's load event. Please make sure it has an appropriate `as` value and it is preloaded intentionally. @ https://www.ysl.com/fr-fr:0
[ 1725963ms] [WARNING] The resource https://s.go-mpulse.net/boomerang/K9JYF-NA9GU-K758U-APJ5Q-E7LPJ was preloaded using link preload but not used within a few seconds from the window's load event. Please make sure it has an appropriate `as` value and it is preloaded intentionally. @ https://www.ysl.com/fr-fr:0
[ 1729488ms] [WARNING] The resource https://s.go-mpulse.net/boomerang/K9JYF-NA9GU-K758U-APJ5Q-E7LPJ was preloaded using link preload but not used within a few seconds from the window's load event. Please make sure it has an appropriate `as` value and it is preloaded intentionally. @ https://www.ysl.com/fr-fr:0
[ 1732981ms] [WARNING] The resource https://s.go-mpulse.net/boomerang/K9JYF-NA9GU-K758U-APJ5Q-E7LPJ was preloaded using link preload but not used within a few seconds from the window's load event. Please make sure it has an appropriate `as` value and it is preloaded intentionally. @ https://www.ysl.com/fr-fr:0
[ 1736521ms] [WARNING] The resource https://s.go-mpulse.net/boomerang/K9JYF-NA9GU-K758U-APJ5Q-E7LPJ was preloaded using link preload but not used within a few seconds from the window's load event. Please make sure it has an appropriate `as` value and it is preloaded intentionally. @ https://www.ysl.com/fr-fr:0
[ 1740005ms] [WARNING] The resource https://s.go-mpulse.net/boomerang/K9JYF-NA9GU-K758U-APJ5Q-E7LPJ was preloaded using link preload but not used within a few seconds from the window's load event. Please make sure it has an appropriate `as` value and it is preloaded intentionally. @ https://www.ysl.com/fr-fr:0
[ 1743562ms] [WARNING] The resource https://s.go-mpulse.net/boomerang/K9JYF-NA9GU-K758U-APJ5Q-E7LPJ was preloaded using link preload but not used within a few seconds from the window's load event. Please make sure it has an appropriate `as` value and it is preloaded intentionally. @ https://www.ysl.com/fr-fr:0
[ 1747026ms] [WARNING] The resource https://s.go-mpulse.net/boomerang/K9JYF-NA9GU-K758U-APJ5Q-E7LPJ was preloaded using link preload but not used within a few seconds from the window's load event. Please make sure it has an appropriate `as` value and it is preloaded intentionally. @ https://www.ysl.com/fr-fr:0
[ 1750554ms] [WARNING] The resource https://s.go-mpulse.net/boomerang/K9JYF-NA9GU-K758U-APJ5Q-E7LPJ was preloaded using link preload but not used within a few seconds from the window's load event. Please make sure it has an appropriate `as` value and it is preloaded intentionally. @ https://www.ysl.com/fr-fr:0
[ 1754041ms] [WARNING] The resource https://s.go-mpulse.net/boomerang/K9JYF-NA9GU-K758U-APJ5Q-E7LPJ was preloaded using link preload but not used within a few seconds from the window's load event. Please make sure it has an appropriate `as` value and it is preloaded intentionally. @ https://www.ysl.com/fr-fr:0
[ 1757578ms] [WARNING] The resource https://s.go-mpulse.net/boomerang/K9JYF-NA9GU-K758U-APJ5Q-E7LPJ was preloaded using link preload but not used within a few seconds from the window's load event. Please make sure it has an appropriate `as` value and it is preloaded intentionally. @ https://www.ysl.com/fr-fr:0
[ 1761091ms] [WARNING] The resource https://s.go-mpulse.net/boomerang/K9JYF-NA9GU-K758U-APJ5Q-E7LPJ was preloaded using link preload but not used within a few seconds from the window's load event. Please make sure it has an appropriate `as` value and it is preloaded intentionally. @ https://www.ysl.com/fr-fr:0
[ 1764584ms] [WARNING] The resource https://s.go-mpulse.net/boomerang/K9JYF-NA9GU-K758U-APJ5Q-E7LPJ was preloaded using link preload but not used within a few seconds from the window's load event. Please make sure it has an appropriate `as` value and it is preloaded intentionally. @ https://www.ysl.com/fr-fr:0
[ 1768105ms] [WARNING] The resource https://s.go-mpulse.net/boomerang/K9JYF-NA9GU-K758U-APJ5Q-E7LPJ was preloaded using link preload but not used within a few seconds from the window's load event. Please make sure it has an appropriate `as` value and it is preloaded intentionally. @ https://www.ysl.com/fr-fr:0
[ 1771626ms] [WARNING] The resource https://s.go-mpulse.net/boomerang/K9JYF-NA9GU-K758U-APJ5Q-E7LPJ was preloaded using link preload but not used within a few seconds from the window's load event. Please make sure it has an appropriate `as` value and it is preloaded intentionally. @ https://www.ysl.com/fr-fr:0
[ 1775113ms] [WARNING] The resource https://s.go-mpulse.net/boomerang/K9JYF-NA9GU-K758U-APJ5Q-E7LPJ was preloaded using link preload but not used within a few seconds from the window's load event. Please make sure it has an appropriate `as` value and it is preloaded intentionally. @ https://www.ysl.com/fr-fr:0
[ 1778654ms] [WARNING] The resource https://s.go-mpulse.net/boomerang/K9JYF-NA9GU-K758U-APJ5Q-E7LPJ was preloaded using link preload but not used within a few seconds from the window's load event. Please make sure it has an appropriate `as` value and it is preloaded intentionally. @ https://www.ysl.com/fr-fr:0
[ 1782138ms] [WARNING] The resource https://s.go-mpulse.net/boomerang/K9JYF-NA9GU-K758U-APJ5Q-E7LPJ was preloaded using link preload but not used within a few seconds from the window's load event. Please make sure it has an appropriate `as` value and it is preloaded intentionally. @ https://www.ysl.com/fr-fr:0
[ 1785643ms] [WARNING] The resource https://s.go-mpulse.net/boomerang/K9JYF-NA9GU-K758U-APJ5Q-E7LPJ was preloaded using link preload but not used within a few seconds from the window's load event. Please make sure it has an appropriate `as` value and it is preloaded intentionally. @ https://www.ysl.com/fr-fr:0
[ 1789161ms] [WARNING] The resource https://s.go-mpulse.net/boomerang/K9JYF-NA9GU-K758U-APJ5Q-E7LPJ was preloaded using link preload but not used within a few seconds from the window's load event. Please make sure it has an appropriate `as` value and it is preloaded intentionally. @ https://www.ysl.com/fr-fr:0
[ 1792684ms] [WARNING] The resource https://s.go-mpulse.net/boomerang/K9JYF-NA9GU-K758U-APJ5Q-E7LPJ was preloaded using link preload but not used within a few seconds from the window's load event. Please make sure it has an appropriate `as` value and it is preloaded intentionally. @ https://www.ysl.com/fr-fr:0
[ 1796208ms] [WARNING] The resource https://s.go-mpulse.net/boomerang/K9JYF-NA9GU-K758U-APJ5Q-E7LPJ was preloaded using link preload but not used within a few seconds from the window's load event. Please make sure it has an appropriate `as` value and it is preloaded intentionally. @ https://www.ysl.com/fr-fr:0
[ 1799701ms] [WARNING] The resource https://s.go-mpulse.net/boomerang/K9JYF-NA9GU-K758U-APJ5Q-E7LPJ was preloaded using link preload but not used within a few seconds from the window's load event. Please make sure it has an appropriate `as` value and it is preloaded intentionally. @ https://www.ysl.com/fr-fr:0
[ 1806722ms] [WARNING] The resource https://s.go-mpulse.net/boomerang/K9JYF-NA9GU-K758U-APJ5Q-E7LPJ was preloaded using link preload but not used within a few seconds from the window's load event. Please make sure it has an appropriate `as` value and it is preloaded intentionally. @ https://www.ysl.com/fr-fr:0
[ 1810233ms] [WARNING] The resource https://s.go-mpulse.net/boomerang/K9JYF-NA9GU-K758U-APJ5Q-E7LPJ was preloaded using link preload but not used within a few seconds from the window's load event. Please make sure it has an appropriate `as` value and it is preloaded intentionally. @ https://www.ysl.com/fr-fr:0
[ 1813771ms] [WARNING] The resource https://s.go-mpulse.net/boomerang/K9JYF-NA9GU-K758U-APJ5Q-E7LPJ was preloaded using link preload but not used within a few seconds from the window's load event. Please make sure it has an appropriate `as` value and it is preloaded intentionally. @ https://www.ysl.com/fr-fr:0
[ 1817277ms] [WARNING] The resource https://s.go-mpulse.net/boomerang/K9JYF-NA9GU-K758U-APJ5Q-E7LPJ was preloaded using link preload but not used within a few seconds from the window's load event. Please make sure it has an appropriate `as` value and it is preloaded intentionally. @ https://www.ysl.com/fr-fr:0
[ 1820791ms] [WARNING] The resource https://s.go-mpulse.net/boomerang/K9JYF-NA9GU-K758U-APJ5Q-E7LPJ was preloaded using link preload but not used within a few seconds from the window's load event. Please make sure it has an appropriate `as` value and it is preloaded intentionally. @ https://www.ysl.com/fr-fr:0
[ 1824282ms] [WARNING] The resource https://s.go-mpulse.net/boomerang/K9JYF-NA9GU-K758U-APJ5Q-E7LPJ was preloaded using link preload but not used within a few seconds from the window's load event. Please make sure it has an appropriate `as` value and it is preloaded intentionally. @ https://www.ysl.com/fr-fr:0
[ 1827849ms] [WARNING] The resource https://s.go-mpulse.net/boomerang/K9JYF-NA9GU-K758U-APJ5Q-E7LPJ was preloaded using link preload but not used within a few seconds from the window's load event. Please make sure it has an appropriate `as` value and it is preloaded intentionally. @ https://www.ysl.com/fr-fr:0
[ 1831310ms] [WARNING] The resource https://s.go-mpulse.net/boomerang/K9JYF-NA9GU-K758U-APJ5Q-E7LPJ was preloaded using link preload but not used within a few seconds from the window's load event. Please make sure it has an appropriate `as` value and it is preloaded intentionally. @ https://www.ysl.com/fr-fr:0
[ 1834804ms] [WARNING] The resource https://s.go-mpulse.net/boomerang/K9JYF-NA9GU-K758U-APJ5Q-E7LPJ was preloaded using link preload but not used within a few seconds from the window's load event. Please make sure it has an appropriate `as` value and it is preloaded intentionally. @ https://www.ysl.com/fr-fr:0
[ 1841839ms] [WARNING] The resource https://s.go-mpulse.net/boomerang/K9JYF-NA9GU-K758U-APJ5Q-E7LPJ was preloaded using link preload but not used within a few seconds from the window's load event. Please make sure it has an appropriate `as` value and it is preloaded intentionally. @ https://www.ysl.com/fr-fr:0
[ 1845340ms] [WARNING] The resource https://s.go-mpulse.net/boomerang/K9JYF-NA9GU-K758U-APJ5Q-E7LPJ was preloaded using link preload but not used within a few seconds from the window's load event. Please make sure it has an appropriate `as` value and it is preloaded intentionally. @ https://www.ysl.com/fr-fr:0
[ 1848879ms] [WARNING] The resource https://s.go-mpulse.net/boomerang/K9JYF-NA9GU-K758U-APJ5Q-E7LPJ was preloaded using link preload but not used within a few seconds from the window's load event. Please make sure it has an appropriate `as` value and it is preloaded intentionally. @ https://www.ysl.com/fr-fr:0
[ 1852386ms] [WARNING] The resource https://s.go-mpulse.net/boomerang/K9JYF-NA9GU-K758U-APJ5Q-E7LPJ was preloaded using link preload but not used within a few seconds from the window's load event. Please make sure it has an appropriate `as` value and it is preloaded intentionally. @ https://www.ysl.com/fr-fr:0
[ 1855889ms] [WARNING] The resource https://s.go-mpulse.net/boomerang/K9JYF-NA9GU-K758U-APJ5Q-E7LPJ was preloaded using link preload but not used within a few seconds from the window's load event. Please make sure it has an appropriate `as` value and it is preloaded intentionally. @ https://www.ysl.com/fr-fr:0
[ 1859388ms] [WARNING] The resource https://s.go-mpulse.net/boomerang/K9JYF-NA9GU-K758U-APJ5Q-E7LPJ was preloaded using link preload but not used within a few seconds from the window's load event. Please make sure it has an appropriate `as` value and it is preloaded intentionally. @ https://www.ysl.com/fr-fr:0
[ 1862919ms] [WARNING] The resource https://s.go-mpulse.net/boomerang/K9JYF-NA9GU-K758U-APJ5Q-E7LPJ was preloaded using link preload but not used within a few seconds from the window's load event. Please make sure it has an appropriate `as` value and it is preloaded intentionally. @ https://www.ysl.com/fr-fr:0
[ 1866413ms] [WARNING] The resource https://s.go-mpulse.net/boomerang/K9JYF-NA9GU-K758U-APJ5Q-E7LPJ was preloaded using link preload but not used within a few seconds from the window's load event. Please make sure it has an appropriate `as` value and it is preloaded intentionally. @ https://www.ysl.com/fr-fr:0
[ 1869951ms] [WARNING] The resource https://s.go-mpulse.net/boomerang/K9JYF-NA9GU-K758U-APJ5Q-E7LPJ was preloaded using link preload but not used within a few seconds from the window's load event. Please make sure it has an appropriate `as` value and it is preloaded intentionally. @ https://www.ysl.com/fr-fr:0
[ 1873434ms] [WARNING] The resource https://s.go-mpulse.net/boomerang/K9JYF-NA9GU-K758U-APJ5Q-E7LPJ was preloaded using link preload but not used within a few seconds from the window's load event. Please make sure it has an appropriate `as` value and it is preloaded intentionally. @ https://www.ysl.com/fr-fr:0
[ 1876939ms] [WARNING] The resource https://s.go-mpulse.net/boomerang/K9JYF-NA9GU-K758U-APJ5Q-E7LPJ was preloaded using link preload but not used within a few seconds from the window's load event. Please make sure it has an appropriate `as` value and it is preloaded intentionally. @ https://www.ysl.com/fr-fr:0
[ 1880484ms] [WARNING] The resource https://s.go-mpulse.net/boomerang/K9JYF-NA9GU-K758U-APJ5Q-E7LPJ was preloaded using link preload but not used within a few seconds from the window's load event. Please make sure it has an appropriate `as` value and it is preloaded intentionally. @ https://www.ysl.com/fr-fr:0
[ 1883994ms] [WARNING] The resource https://s.go-mpulse.net/boomerang/K9JYF-NA9GU-K758U-APJ5Q-E7LPJ was preloaded using link preload but not used within a few seconds from the window's load event. Please make sure it has an appropriate `as` value and it is preloaded intentionally. @ https://www.ysl.com/fr-fr:0
[ 1887510ms] [WARNING] The resource https://s.go-mpulse.net/boomerang/K9JYF-NA9GU-K758U-APJ5Q-E7LPJ was preloaded using link preload but not used within a few seconds from the window's load event. Please make sure it has an appropriate `as` value and it is preloaded intentionally. @ https://www.ysl.com/fr-fr:0
[ 1890990ms] [WARNING] The resource https://s.go-mpulse.net/boomerang/K9JYF-NA9GU-K758U-APJ5Q-E7LPJ was preloaded using link preload but not used within a few seconds from the window's load event. Please make sure it has an appropriate `as` value and it is preloaded intentionally. @ https://www.ysl.com/fr-fr:0
[ 1894513ms] [WARNING] The resource https://s.go-mpulse.net/boomerang/K9JYF-NA9GU-K758U-APJ5Q-E7LPJ was preloaded using link preload but not used within a few seconds from the window's load event. Please make sure it has an appropriate `as` value and it is preloaded intentionally. @ https://www.ysl.com/fr-fr:0
[ 1898016ms] [WARNING] The resource https://s.go-mpulse.net/boomerang/K9JYF-NA9GU-K758U-APJ5Q-E7LPJ was preloaded using link preload but not used within a few seconds from the window's load event. Please make sure it has an appropriate `as` value and it is preloaded intentionally. @ https://www.ysl.com/fr-fr:0
[ 1901527ms] [WARNING] The resource https://s.go-mpulse.net/boomerang/K9JYF-NA9GU-K758U-APJ5Q-E7LPJ was preloaded using link preload but not used within a few seconds from the window's load event. Please make sure it has an appropriate `as` value and it is preloaded intentionally. @ https://www.ysl.com/fr-fr:0
[ 1905036ms] [WARNING] The resource https://s.go-mpulse.net/boomerang/K9JYF-NA9GU-K758U-APJ5Q-E7LPJ was preloaded using link preload but not used within a few seconds from the window's load event. Please make sure it has an appropriate `as` value and it is preloaded intentionally. @ https://www.ysl.com/fr-fr:0
[ 1908571ms] [WARNING] The resource https://s.go-mpulse.net/boomerang/K9JYF-NA9GU-K758U-APJ5Q-E7LPJ was preloaded using link preload but not used within a few seconds from the window's load event. Please make sure it has an appropriate `as` value and it is preloaded intentionally. @ https://www.ysl.com/fr-fr:0
[ 1912053ms] [WARNING] The resource https://s.go-mpulse.net/boomerang/K9JYF-NA9GU-K758U-APJ5Q-E7LPJ was preloaded using link preload but not used within a few seconds from the window's load event. Please make sure it has an appropriate `as` value and it is preloaded intentionally. @ https://www.ysl.com/fr-fr:0
[ 1915573ms] [WARNING] The resource https://s.go-mpulse.net/boomerang/K9JYF-NA9GU-K758U-APJ5Q-E7LPJ was preloaded using link preload but not used within a few seconds from the window's load event. Please make sure it has an appropriate `as` value and it is preloaded intentionally. @ https://www.ysl.com/fr-fr:0
[ 1919078ms] [WARNING] The resource https://s.go-mpulse.net/boomerang/K9JYF-NA9GU-K758U-APJ5Q-E7LPJ was preloaded using link preload but not used within a few seconds from the window's load event. Please make sure it has an appropriate `as` value and it is preloaded intentionally. @ https://www.ysl.com/fr-fr:0
[ 1922599ms] [WARNING] The resource https://s.go-mpulse.net/boomerang/K9JYF-NA9GU-K758U-APJ5Q-E7LPJ was preloaded using link preload but not used within a few seconds from the window's load event. Please make sure it has an appropriate `as` value and it is preloaded intentionally. @ https://www.ysl.com/fr-fr:0
[ 1926120ms] [WARNING] The resource https://s.go-mpulse.net/boomerang/K9JYF-NA9GU-K758U-APJ5Q-E7LPJ was preloaded using link preload but not used within a few seconds from the window's load event. Please make sure it has an appropriate `as` value and it is preloaded intentionally. @ https://www.ysl.com/fr-fr:0
[ 1929621ms] [WARNING] The resource https://s.go-mpulse.net/boomerang/K9JYF-NA9GU-K758U-APJ5Q-E7LPJ was preloaded using link preload but not used within a few seconds from the window's load event. Please make sure it has an appropriate `as` value and it is preloaded intentionally. @ https://www.ysl.com/fr-fr:0
[ 1933155ms] [WARNING] The resource https://s.go-mpulse.net/boomerang/K9JYF-NA9GU-K758U-APJ5Q-E7LPJ was preloaded using link preload but not used within a few seconds from the window's load event. Please make sure it has an appropriate `as` value and it is preloaded intentionally. @ https://www.ysl.com/fr-fr:0
[ 1936661ms] [WARNING] The resource https://s.go-mpulse.net/boomerang/K9JYF-NA9GU-K758U-APJ5Q-E7LPJ was preloaded using link preload but not used within a few seconds from the window's load event. Please make sure it has an appropriate `as` value and it is preloaded intentionally. @ https://www.ysl.com/fr-fr:0
[ 1940249ms] [WARNING] The resource https://s.go-mpulse.net/boomerang/K9JYF-NA9GU-K758U-APJ5Q-E7LPJ was preloaded using link preload but not used within a few seconds from the window's load event. Please make sure it has an appropriate `as` value and it is preloaded intentionally. @ https://www.ysl.com/fr-fr:0
[ 1984245ms] [WARNING] The resource https://s.go-mpulse.net/boomerang/K9JYF-NA9GU-K758U-APJ5Q-E7LPJ was preloaded using link preload but not used within a few seconds from the window's load event. Please make sure it has an appropriate `as` value and it is preloaded intentionally. @ https://www.ysl.com/fr-fr:0
